10 , 4 , 0.1 , 0.8 , 0.1 , 4 , 1
x1,x2,x3,x4,x5,x6,x7,x8,x9,x10,generation
0.6801020197694765,1.3755831179359017,0.01700743628100887,0.3406389562628871,1.2624338639234898,0.5345050427762228,0.38910989128310103,0.5707020077429308,1.2223918696333531,0.8955532196899896,0
0.6099081902139709,-0.49299518013027144,1.1737495877140292,0.7962321869466327,0.8516502425954697,0.9247902893913085,0.6012938970684611,-0.47484970963417683,0.29665752858382444,1.485129316213762,0
0.7693638197749679,1.2517701654129432,1.4923963025110294,-0.25884066956327034,1.1112239574152967,-0.49193867831700255,1.0355732147942551,0.49894749207061895,-0.43762946748252585,-0.44618153202789546,0
-0.2296307659495127,-0.3894262631494865,1.446160054919222,-0.008395320745144597,-0.40287242451966,0.7616917032647643,1.437421532808535,-0.2995102757615029,0.06539364618370747,-0.34830109980918533,0
0.11417391694312151,-0.4571267096250573,-0.22947535459566648,-0.06603063507418816,1.3665324443538849,-0.28123446344474456,0.4745540852317933,1.0638863550717632,-0.4435129485936218,0.7947911725578318,0
0.5100857766990337,0.46578163398823613,0.0208849382181735,-0.4117687996772641,-0.270128499922474,0.9193638162754394,0.1866025054179934,-0.4777815401271748,-0.392705822247958,0.28792951094586483,0
0.26694293201929975,-0.2604125636625023,0.785927497359094,0.1728369057041257,-0.4915687996825675,1.4541612349979027,-0.37987421874941996,0.8779607229386635,1.178697392051939,1.237176431396523,0
1.482193701368771,0.2916018698324834,-0.11979672985641732,1.224091070808602,1.2521281146592402,1.2580703647329972,-0.08227192538221795,-0.15915252352755194,0.03373309367480637,-0.42032316790463553,0
-0.02046795403869983,-0.23779599589583134,1.4601651502593436,0.40967352742753227,-0.28497569810014456,0.03966799223302919,1.2056496117672348,1.3724593033087693,1.4026459808221339,1.0887418554528452,0
0.9911404625203599,0.6733322064493545,1.3644599097042607,0.9489229714405838,0.3434040960887004,0.7021264590996379,-0.46367492128219645,0.9630779117720829,-0.15458752594038772,0.16517094096890728,0
0.4458105905381855,1.4254625331320017,0.10833958347612857,-2.753292803780813,1.0696753348803383,-0.13106045520080595,0.5433601935261513,0.3290765166999704,1.3512345357643518,-0.1034005120933565,100
0.4399202491965918,1.426408133450917,0.09523630886064485,-2.756339151666038,1.0768925907120614,-0.10136633117426874,0.6153283898804965,0.32025172144247094,1.3512140676205,-0.0962613892051356,100
0.44505980618393565,1.426322169785561,0.10833958347612857,-2.7560622109491995,1.0762364765455412,-0.11130400681159117,0.580833335770411,0.30121837716817057,1.3512159283608502,-0.08621212035434835,100
0.44656137489243536,1.4246028964784423,0.09024178589413062,-2.7505233966124267,1.0631141932151356,-0.15081690359002073,0.5809660372104876,0.3343244031897197,1.3512531431678534,-0.07159382350647764,100
0.4473121592466852,1.423743259824883,0.10833958347612857,-2.747753989444041,1.0565530515499326,-0.1705733519792355,0.5810323879305259,0.33957228967946895,1.351271750571355,-0.0887822152454858,100
0.44656137489243536,1.4435514511394965,0.10833958347612857,-2.7505233966124267,1.0631141932151356,-0.15081690359002073,0.5809660372104876,0.3343244031897197,1.3512531431678534,-0.07159382350647764,100
0.44656137489243536,1.4340771738089693,0.0992906846851296,-2.7505233966124267,1.0631141932151356,-0.15081690359002073,0.5809660372104876,0.3343244031897197,1.3512531431678534,-0.09696571800166713,100
0.44656137489243536,1.3388776240509215,0.0992906846851296,-2.7505233966124267,1.0631141932151356,-0.15081690359002073,0.5809660372104876,0.3343244031897197,1.3512531431678534,-0.07159382350647764,100
0.4469367670695603,1.4241730781516626,0.0992906846851296,-2.7491386930282338,1.0598336223825342,-0.16069512778462813,0.5809992125705068,0.3369483464345943,1.3512624468696042,-0.08018801937598172,100
0.4469367670695603,1.4241730781516626,0.0992906846851296,-2.7491386930282338,1.0598336223825342,-0.16069512778462813,0.5618003384769531,0.3369483464345943,1.3512624468696042,-0.08018801937598172,100
0.39111060938358183,1.755821273780063,-0.05658505005098215,-3.301024895842055,0.1129100080193681,-1.062535407521077,1.080735686621256,0.17817173384364166,1.3608512226980745,-0.2339236848039963,200
0.3894924205907886,1.7576172065628741,-0.05658505005098215,-3.301024895842055,0.1129100080193681,-1.062535407521077,1.080735686621256,0.17817173384364166,1.3608512226980745,-0.2339236848039963,200
0.39049234481508494,1.757062495339371,-0.05665297907011814,-3.3019304942439094,0.11294660679313179,-1.0747715126003219,1.0806734134716223,0.1817183975328391,1.3660836408047075,-0.22938025801113895,200
0.3914922690393813,1.7565077841158678,-0.05672090808925414,-3.302836092645764,0.11298320556689549,-1.0870076176795667,1.0806111403219887,0.18526506122203656,1.3713160589113405,-0.2248368312182816,200
0.3914922690393813,1.7565077841158678,-0.05672090808925414,-3.302836092645764,0.11298320556689549,-1.0870076176795667,1.0806111403219887,0.18526506122203656,1.3713160589113405,-0.25455731724945385,200
0.39049234481508494,1.757062495339371,-0.05665297907011814,-3.3019304942439094,0.11294660679313179,-1.4831000488151398,1.0806734134716223,0.1817183975328391,1.3660836408047075,-0.22938025801113895,200
0.3909923069272331,1.7567851397276195,-0.056686943579686136,-3.3023832934448367,0.11296490618001365,-1.2850538332473533,1.8538249115919072,0.18349172937743785,1.3686998498580238,-0.2419687876302964,200
0.3909923069272331,1.7567851397276195,-0.056686943579686136,-3.3023832934448367,0.036173939311661754,-1.2850538332473533,1.0806422768968056,0.18349172937743785,1.3686998498580238,-0.2419687876302964,200
0.3899923827029368,1.7573398509511224,-0.05661901456055014,-3.3014776950429825,0.11292830740624994,-1.0686534600606994,1.0807045500464392,0.17994506568824037,1.363467431751391,-0.23165197140756763,200
0.3899923827029368,1.7573398509511224,-0.05661901456055014,-3.3014776950429825,0.11292830740624994,-1.0686534600606994,1.0807045500464392,0.17994506568824037,1.363467431751391,-0.3242489152866245,200
0.3668124942912313,3.9566641649215386,0.24140641566684667,-3.7539645837169466,-0.603828460710333,-2.220693949006219,1.3962395237707064,-0.7664572404974317,1.1094441843668035,-0.2874036764087714,300
0.36989100987905116,3.9566641649215386,0.25371898223084194,-3.7539645837169466,-0.6806184203091373,-2.2227336246012395,1.3962395237707064,-0.7683747381596386,1.1240238280367318,-0.2874036764087714,300
0.372969525466871,3.9566641649215386,0.24140641566684667,-3.8425290935628666,-0.6192768033879301,-2.2464458946103956,1.3962395237707064,-0.7702922358218455,1.1179266727150492,-0.30691945977840146,300
0.372969525466871,3.9566641649215386,0.24140641566684667,-3.8425290935628666,-0.6192768033879301,-2.2464458946103956,1.3962395237707064,-0.7702922358218455,1.1179266727150492,-0.2874036764087714,300
0.372969525466871,3.9566641649215386,0.24140641566684667,-3.843342866320054,-0.6192768033879301,-2.2464458946103956,1.3962395237707064,-0.7702922358218455,1.1179266727150492,-0.2874036764087714,300
0.3614005370978637,3.9566641649215386,0.25371898223084194,-3.7539645837169466,-0.6806184203091373,-2.2227336246012395,1.3962395237707064,-0.7683747381596386,1.1240238280367318,-0.2874036764087714,300
0.36718503128236735,3.9566641649215386,0.2475626989488443,-3.7982468386399066,-0.24425414799731815,-2.2345897596058175,1.3962395237707064,-0.769333486990742,1.1209752503758905,-0.2874036764087714,300
0.36718503128236735,3.9566641649215386,0.2475626989488443,-3.7982468386399066,-0.6499476118485337,-2.2345897596058175,1.3962395237707064,-0.59369961625592,1.1209752503758905,-0.2874036764087714,300
0.36718503128236735,3.9566641649215386,0.2475626989488443,-3.9869494073907044,-0.6499476118485337,-2.2345897596058175,1.3962395237707064,-0.769333486990742,1.1209752503758905,-0.2874036764087714,300
0.36718503128236735,3.9566641649215386,0.2475626989488443,-3.7982468386399066,-0.6499476118485337,-2.2345897596058175,1.080100756621591,-0.769333486990742,1.1209752503758905,-0.2874036764087714,300
0.34966217726830057,3.974353313598759,0.6015247960161947,-4.071017339663047,-1.0590264995022691,-2.349660325351252,1.5502848994410452,-0.7113634004289414,0.9067573263499003,-0.2281925280393247,400
0.34966217726830057,3.974353313598759,0.6015247960161947,-4.071017339663047,-1.0597646404027494,-2.349660325351252,1.5502848994410452,-0.7113634004289414,0.8850155804867952,-0.23094410589471637,400
0.34966217726830057,3.974353313598759,0.6015247960161947,-4.071017339663047,-1.0597646404027494,-2.349660325351252,1.5502848994410452,-0.7113634004289414,0.8850155804867952,-0.23094410589471637,400
0.34966217726830057,3.974353313598759,0.6015247960161947,-4.071017339663047,-1.0590264995022691,-2.349660325351252,1.5502848994410452,-0.7113634004289414,0.8735171905846414,-0.23607460169911826,400
0.34966217726830057,3.974353313598759,0.6015247960161947,-4.071017339663047,-1.0726826682245731,-2.349660325351252,1.5502848994410452,-0.7113634004289414,0.8850155804867952,-0.2281925280393247,400
0.34966217726830057,3.974353313598759,0.6015247960161947,-4.071017339663047,-1.0924999323841145,-2.349660325351252,1.5502848994410452,-0.7113634004289414,0.8850155804867952,-0.23607460169911826,400
0.34715973416560625,3.974353313598759,0.6015247960161947,-4.071017339663047,-1.0757632159431918,-2.349660325351252,1.5502848994410452,-0.7113634004289414,0.8792663855357183,-0.23607460169911826,400
0.3455027502100532,3.974353313598759,0.6015247960161947,-4.071017339663047,-1.0757632159431918,-2.349660325351252,1.5502848994410452,-0.7113634004289414,0.8792663855357183,-0.23607460169911826,400
0.34966217726830057,3.974353313598759,0.6015247960161947,-4.071017339663047,-1.076132286393432,-2.437989196918859,1.5502848994410452,-0.7113634004289414,0.8850155804867952,-0.2335093537969173,400
0.34966217726830057,3.974353313598759,0.6015247960161947,-4.071017339663047,-1.076132286393432,-2.464367269147681,1.5502848994410452,-0.7113634004289414,0.8850155804867952,-0.2335093537969173,400
0.33464821087208063,3.99952690055143,0.6738023687670884,-4.071017339663047,-1.2071115416967628,-2.328846828976888,1.5502848994410452,-0.6147109780647257,0.8272872425407325,-0.20772675689459763,500
0.3346049687544967,3.99952690055143,0.6752850916453051,-4.071017339663047,-1.2071115416967628,-2.328846828976888,1.5502848994410452,-0.6147109780647257,0.8272872425407325,-0.20772675689459763,500
0.3344810972372717,3.99952690055143,0.6745437302061967,-4.071017339663047,-1.2071115416967628,-2.328846828976888,1.5502848994410452,-0.6147109780647257,0.8272872425407325,-0.20772675689459763,500
0.3343618449033757,3.99952690055143,0.6738023687670884,-4.071017339663047,-1.2071115416967628,-2.328846828976888,1.5502848994410452,-0.6147109780647257,0.8272872425407325,-0.20772675689459763,500
0.3342425925694797,3.99952690055143,0.6730610073279801,-4.071017339663047,-1.2071115416967628,-2.328846828976888,1.5502848994410452,-0.6147109780647257,0.8272872425407325,-0.20772675689459763,500
0.3342425925694797,3.99952690055143,0.6730610073279801,-4.071017339663047,-1.2071115416967628,-2.328846828976888,1.5502848994410452,-0.6147109780647257,0.8272872425407325,-0.20772675689459763,500
0.3344237806619882,3.99952690055143,0.6741730494866427,-4.071017339663047,-1.2071115416967628,-2.328846828976888,1.5502848994410452,-0.6147109780647257,0.8272872425407325,-0.20772675689459763,500
0.3344237806619882,3.99952690055143,0.7086283219495396,-4.071017339663047,-1.2071115416967628,-2.328846828976888,1.5502848994410452,-0.6147109780647257,0.8272872425407325,-0.20772675689459763,500
0.3343618449033757,4.4842285141529565,0.6738023687670884,-4.071017339663047,-1.2071115416967628,-2.328846828976888,1.5502848994410452,-0.6147109780647257,0.8272872425407325,-0.20772675689459763,500
0.3343618449033757,3.99952690055143,0.6738023687670884,-4.071017339663047,-1.2071115416967628,-2.328846828976888,2.568200297645669,-0.6147109780647257,0.8272872425407325,-0.20772675689459763,500
0.3176130753838206,4.000487862556186,0.6890814885799039,-4.093160709313931,-1.2274960696722526,-2.328846828976888,1.5502848994410452,-0.6149060627755316,0.829537479148177,-0.19991929559354757,600
0.31742558383926534,4.000463222504782,0.6901385737198693,-4.094046444099967,-1.227478578372808,-2.328846828976888,1.5502848994410452,-0.6165930052677817,0.829537479148177,-0.20209501841209712,600
0.3173042107007531,4.000475542530483,0.672077692748203,-4.09360357670695,-1.2274873240225301,-2.328846828976888,1.5502848994410452,-0.6161712696447191,0.829537479148177,-0.20045391114073263,600
0.3173042107007531,4.000475542530483,0.6901314251670251,-4.09360357670695,-1.2274873240225301,-2.328846828976888,1.5502848994410452,-0.6161712696447191,0.829537479148177,-0.20045391114073263,600
0.31727658333451847,4.000500182581888,0.689595734044198,-4.092717841920914,-1.227504815321975,-2.328846828976888,1.5502848994410452,-0.6149060627755316,0.829537479148177,-0.19443749665876436,600
0.3169400912852164,4.00051250260759,0.6901099795084923,-4.092274974527896,-1.2275135609716972,-2.328846828976888,1.5502848994410452,-0.6149060627755316,0.829537479148177,-0.1999565562233569,600
0.3172903970176358,3.9400625756245784,0.6808367133962006,-4.093160709313931,-1.2274960696722526,-2.328846828976888,1.5502848994410452,-0.6155386662101254,0.829537479148177,-0.1974457038997485,600
0.3172903970176358,4.000487862556186,0.6808367133962006,-4.093160709313931,-1.2274960696722526,-2.328846828976888,1.4710583801772015,-0.6155386662101254,0.829537479148177,-0.1974457038997485,600
0.3173042107007531,4.000475542530483,0.5934970209508275,-4.09360357670695,-1.2274873240225301,-2.328846828976888,1.5502848994410452,-0.6161712696447191,0.829537479148177,-0.20045391114073263,600
0.3173042107007531,4.000475542530483,0.681104558957614,-4.09360357670695,-1.2274873240225301,-2.328846828976888,1.5502848994410452,-0.6161712696447191,0.829537479148177,-0.20045391114073263,600
0.2863516296248782,3.9948508397529823,0.6621618067612087,-4.108785029524299,-1.2236892385876357,-2.3292726686738376,1.5495854654295496,-0.615642872459846,0.8260208339120032,-0.18995976828361325,700
0.2863516296248782,3.9948508397529823,0.6621618067612087,-4.108785029524299,-1.2236892385876357,-2.3292726686738376,1.5495854654295496,-0.615642872459846,0.8260208339120032,-0.18995976828361325,700
0.2863516296248782,3.9948508397529823,0.6621618067612087,-4.108785029524299,-1.2236892385876357,-2.3292726686738376,1.5495854654295496,-0.615642872459846,0.8260208339120032,-0.18995976828361325,700
0.2863516296248782,3.9948508397529823,0.6621618067612087,-4.108785029524299,-1.2236892385876357,-2.3292726686738376,1.5495854654295496,-0.5759512222006362,0.8260208339120032,-0.18995976828361325,700
0.2863516296248782,3.983554639619177,0.6621618067612087,-4.108785029524299,-1.2236892385876357,-2.3292726686738376,1.5495854654295496,-0.5990151372679486,0.8260208339120032,-0.1864619699541342,700
0.2863516296248782,3.983554639619177,0.6621618067612087,-4.108785029524299,-1.2236892385876357,-2.3292726686738376,1.5495854654295496,-0.5990151372679486,0.8260208339120032,-0.18995976828361325,700
0.2863516296248782,3.9892027396860796,0.6621618067612087,-4.262049481078616,-1.2236892385876357,-2.3292726686738376,1.5495854654295496,-0.6073290048638973,0.8260208339120032,-0.18821086911887372,700
0.2863516296248782,3.9892027396860796,0.6621618067612087,-4.108785029524299,-1.2236892385876357,-2.3292726686738376,1.5495854654295496,-0.6073290048638973,0.8260208339120032,-0.18388218857056077,700
0.2863516296248782,3.983554639619177,0.6621618067612087,-4.108785029524299,-1.2236892385876357,-2.3292726686738376,1.0969114130158213,-0.5990151372679486,0.8260208339120032,-0.18821086911887372,700
0.2863516296248782,3.983554639619177,0.6621618067612087,-4.108785029524299,-1.2236892385876357,-2.3292726686738376,1.5495854654295496,-0.5990151372679486,0.8260208339120032,-0.18821086911887372,700
0.26341745487610724,3.9914227685014882,0.6836807672818273,-4.108785029524299,-1.228261036614687,-2.3230556327630625,1.5495854654295496,-0.5990151372679486,0.8260208339120032,-0.19872450214819912,800
0.26297756974733544,3.980289334518383,0.703708400532798,-4.108785029524299,-1.2414318109476452,-2.3230556327630625,1.5495854654295496,-0.5990151372679486,0.8260208339120032,-0.1969977763830833,800
0.26253768461856364,3.969155900535278,0.6836807672818273,-4.108785029524299,-1.228261036614687,-2.3230556327630625,1.5495854654295496,-0.5990151372679486,0.8260208339120032,-0.19622023905252284,800
0.26253768461856364,3.998300449982827,0.6836807672818273,-4.108785029524299,-1.228261036614687,-2.3230556327630625,1.5495854654295496,-0.5990151372679486,0.8260208339120032,-0.19622023905252284,800
0.26253768461856364,3.9914227685014882,0.6836807672818273,-4.108785029524299,-1.228261036614687,-2.3230556327630625,1.5495854654295496,-0.5990151372679486,0.8260208339120032,-0.19622023905252284,800
0.26253768461856364,3.9914227685014882,0.6836807672818273,-4.108785029524299,-1.228261036614687,-2.3230556327630625,1.5495854654295496,-0.5990151372679486,0.8260208339120032,-0.19622023905252284,800
0.26253768461856364,3.980289334518383,0.6836807672818273,-3.3510836889835462,-1.228261036614687,-2.3230556327630625,1.5495854654295496,-0.5990151372679486,0.8260208339120032,-0.19622023905252284,800
0.26253768461856364,3.980289334518383,0.6836807672818273,-4.108785029524299,-1.228261036614687,-2.3230556327630625,1.5495854654295496,-0.5990151372679486,0.8260208339120032,-0.19622023905252284,800
0.26253768461856364,3.980289334518383,0.6836807672818273,-4.108785029524299,-1.228261036614687,-2.3230556327630625,1.5495854654295496,-0.5779846362814973,0.8260208339120032,-0.19622023905252284,800
0.26253768461856364,3.980289334518383,0.6836807672818273,-4.108785029524299,-1.228261036614687,-2.3230556327630625,1.5495854654295496,-0.5990151372679486,0.8260208339120032,-0.19622023905252284,800
0.20086220610093874,3.986298161649787,0.6922399038212463,-4.108785029524299,-1.248048127459226,-2.3230556327630625,1.5458284878457438,-0.5954935999570538,0.8052286604208236,-0.20045254648209343,900
0.19190022136380425,3.986334792045402,0.6922398513352289,-4.108785029524299,-1.248048127459226,-2.3230556327630625,1.5458284878457438,-0.5954935999570538,0.8052286604208236,-0.19700081271032413,900
0.18819657075948681,3.986334792045402,0.6922398513352289,-4.108785029524299,-1.2350751200621541,-2.3230556327630625,1.5458284878457438,-0.5954935999570538,0.8052286604208236,-0.19700081271032413,900
0.18819657075948681,3.986334792045402,0.6922398513352289,-4.108785029524299,-1.248048127459226,-2.3230556327630625,1.5458284878457438,-0.5954935999570538,0.8052286604208236,-0.2146879754478,900
0.18819657075948681,3.986334792045402,0.6922398513352289,-4.108785029524299,-1.248048127459226,-2.3230556327630625,1.5458284878457438,-0.5954935999570538,0.8052286604208236,-0.19700081271032413,900
0.1755309354180349,3.9863714224410165,0.6922397988492115,-4.108785029524299,-1.248048127459226,-2.3230556327630625,1.5458284878457438,-0.5954935999570538,0.8052286604208236,-0.19354907893855483,900
0.1755309354180349,3.9863714224410165,0.6922397988492115,-4.108785029524299,-1.248048127459226,-2.4642517432396285,1.5458284878457438,-0.5954935999570538,0.8052286604208236,-0.19354907893855483,900
0.1755309354180349,3.9863714224410165,0.704836552392938,-4.108785029524299,-1.248048127459226,-2.3230556327630625,1.5458284878457438,-0.5954935999570538,0.8052286604208236,-0.19354907893855483,900
0.18819657075948681,3.986334792045402,0.6922398513352289,-4.108785029524299,-1.248048127459226,-2.3230556327630625,1.5458284878457438,-0.5954935999570538,0.8052286604208236,-0.20584439407906208,900
0.18819657075948681,3.986334792045402,0.779594005700357,-4.108785029524299,-1.248048127459226,-2.3230556327630625,1.5458284878457438,-0.5954935999570538,0.8052286604208236,-0.20584439407906208,900
-0.02153250237468126,3.978302572163844,0.7278040285571876,-4.108785029524299,-1.2923568198749997,-2.345939626891923,1.5462561809935038,-0.6004297579192548,0.7997696643692102,-0.20502934589498711,1000
-0.02153250237468126,3.978302572163844,0.6909530476544584,-4.108785029524299,-1.248048127459226,-2.3389745195813942,1.5462561809935038,-0.6004297579192548,0.7997696643692102,-0.20502934589498711,1000
-0.02153250237468126,3.978302572163844,0.6909530476544584,-4.108785029524299,-1.2923568198749997,-2.345939626891923,1.5462561809935038,-0.6004297579192548,0.7997696643692102,-0.20502934589498711,1000
-0.02153250237468126,3.978302572163844,0.6909530476544584,-4.108785029524299,-1.259274223225165,-2.3529047342024514,1.5462561809935038,-0.6004297579192548,0.7997696643692102,-0.20502934589498711,1000
-0.02153250237468126,3.978302572163844,0.6909530476544584,-4.108785029524299,-1.259274223225165,-2.3529047342024514,1.5462561809935038,-0.6004297579192548,0.7997696643692102,-0.20502934589498711,1000
-0.02153250237468126,3.978302572163844,0.6909530476544584,-4.108785029524299,-1.2205785786923606,-2.4139793957304785,1.5462561809935038,-0.6004297579192548,0.7997696643692102,-0.20502934589498711,1000
-0.02153250237468126,3.979424352800337,0.7093785381058231,-4.108785029524299,-1.2758155215500824,-2.349422180547187,1.5462561809935038,-0.6004297579192548,0.7997696643692102,-0.20502934589498711,1000
-0.02153250237468126,3.978302572163844,0.7093785381058231,-4.108785029524299,-1.2758155215500824,-2.349422180547187,1.5462561809935038,-0.6004297579192548,0.7997696643692102,-0.20502934589498711,1000
-0.02153250237468126,3.978302572163844,0.6909530476544584,-4.108785029524299,-1.259274223225165,-2.7553921013656484,1.5462561809935038,-0.6004297579192548,0.7997696643692102,-0.20502934589498711,1000
-0.02153250237468126,3.978302572163844,0.6909530476544584,-4.108785029524299,-1.259274223225165,-2.3529047342024514,1.5462561809935038,-0.6004297579192548,0.7997696643692102,-0.20502934589498711,1000
-0.10299527380657683,3.9893774246995735,0.7068355454463695,-4.108785029524299,-1.2806828007183753,-2.3910763976574683,1.5619520838905143,-0.702857701900496,0.7642799670908731,-0.2037373376387014,1100
-0.10299527380657683,3.9893774246995735,0.7068355454463695,-4.108785029524299,-1.2806828007183753,-2.3910763976574683,1.5619520838905143,-0.7095505538742395,0.7642799670908731,-0.2037373376387014,1100
-0.10319254661782663,3.9893774246995735,0.7059142051022389,-4.108785029524299,-1.2801871227768342,-2.3910763976574683,1.5623862414344374,-0.6991062388220715,0.7614249689460986,-0.20374197717270287,1100
-0.10400437064546705,3.9893774246995735,0.7049928647581082,-4.108785029524299,-1.2796914448352934,-2.3910763976574683,1.5628203989783604,-0.695354775743647,0.7585699708013239,-0.20374661670670438,1100
-0.10516730145807379,3.9893774246995735,0.7068355454463695,-4.108785029524299,-1.2806828007183753,-2.3910763976574683,1.5619520838905143,-0.702857701900496,0.7642799670908731,-0.2037373376387014,1100
-0.10458583605177042,3.9893774246995735,0.7059142051022389,-4.108785029524299,-1.2801871227768342,-2.4343912846391738,1.5623862414344374,-0.6991062388220715,0.7614249689460986,-0.20374197717270287,1100
-0.10388919133479853,3.9893774246995735,0.7141615098432228,-4.108785029524299,-1.2801871227768342,-2.412733841148321,1.5623862414344374,-0.6991062388220715,0.7614249689460986,-0.20374197717270287,1100
-0.10388919133479853,3.9578663293930094,0.7059142051022389,-4.108785029524299,-1.2801871227768342,-2.412733841148321,1.5623862414344374,-0.6991062388220715,0.7614249689460986,-0.20374197717270287,1100
-0.1041799240379502,3.9893774246995735,0.7063748752743042,-4.108785029524299,-1.2804349617476047,-2.3910763976574683,1.5621691626624759,-0.7009819703612837,0.7628524680184858,-0.20373965740570213,1100
-0.1041799240379502,3.9893774246995735,0.7063748752743042,-4.884581118149419,-1.2804349617476047,-2.3910763976574683,1.5621691626624759,-0.7009819703612837,0.7628524680184858,-0.20373965740570213,1100
-0.1985553297337886,3.9773705438762565,0.8206462498318896,-4.149389886931582,-1.3774240074241164,-2.5245667376180467,1.605478579965774,-0.7247560004792775,0.7372221225360223,-0.19716429998968232,1200
-0.1985553297337886,3.9773705438762565,0.8206462498318896,-4.149389886931582,-1.3774240074241164,-2.5245667376180467,1.605478579965774,-0.7247560004792775,0.7372221225360223,-0.19716429998968232,1200
-0.1985553297337886,3.9779587156189984,0.8206462498318896,-4.149389886931582,-1.3774240074241164,-2.5245667376180467,1.605478579965774,-0.7247560004792775,0.7286828855207519,-0.19716429998968232,1200
-0.1985553297337886,3.9785468873617402,0.8206462498318896,-4.149389886931582,-1.3774240074241164,-2.5245667376180467,1.605478579965774,-0.7247560004792775,0.7210865483772376,-0.19716429998968232,1200
-0.1985553297337886,3.973598671654738,0.8206462498318896,-4.149389886931582,-1.3774240074241164,-2.5245667376180467,1.605478579965774,-0.7247560004792775,0.704950974218453,-0.19716429998968232,1200
-0.1985553297337886,3.9773705438762565,0.8206462498318896,-4.149389886931582,-1.3774240074241164,-2.5245667376180467,1.605478579965774,-0.7247560004792775,0.704950974218453,-0.19716429998968232,1200
-0.1985553297337886,3.9773705438762565,0.8206462498318896,-4.149389886931582,-1.409312597825912,-2.5245667376180467,1.605478579965774,-0.7247560004792775,0.7372221225360223,-0.19716429998968232,1200
-0.1985553297337886,3.9773705438762565,0.8206462498318896,-4.149389886931582,-1.4004315109215342,-2.5245667376180467,1.605478579965774,-0.7247560004792775,0.7372221225360223,-0.19716429998968232,1200
-0.1985553297337886,3.9779587156189984,0.8206462498318896,-4.149389886931582,-1.3692169578734306,-2.5245667376180467,1.605478579965774,-0.7247560004792775,0.7291543354566299,-0.19716429998968232,1200
-0.15357535636436073,3.9779587156189984,0.8206462498318896,-4.149389886931582,-1.3774240074241164,-2.5245667376180467,1.605478579965774,-0.7247560004792775,0.7291543354566299,-0.19716429998968232,1200
-0.28972185187549376,3.982783482606835,0.9018545279174529,-4.217461240700045,-1.5293963408786562,-2.540141715606204,1.6513014811261502,-0.7412092170222906,0.6617165156159284,-0.1859722839085123,1300
-0.29725606067612276,3.9828204395807476,0.9018545279174529,-4.198397276798757,-1.5293963408786562,-2.540141715606204,1.6513014811261502,-0.7412092170222906,0.6617165156159284,-0.18644495501678016,1300
-0.29725606067612276,3.9828204395807476,0.9018545279174529,-4.2950812582915265,-1.5293963408786562,-2.540141715606204,1.6513014811261502,-0.7412092170222906,0.6617165156159284,-0.18644495501678016,1300
-0.29725606067612276,3.9828204395807476,0.9018545279174529,-4.217461240700045,-1.5293963408786562,-2.540141715606204,1.6513014811261502,-0.7412092170222906,0.649505559274893,-0.18644495501678016,1300
-0.29725606067612276,3.9828204395807476,0.9018545279174529,-4.217461240700045,-1.5293963408786562,-2.540141715606204,1.6513014811261502,-0.7412092170222906,0.6440702870245386,-0.18644495501678016,1300
-0.30479026947675175,3.9828573965546603,0.9018545279174529,-4.217461240700045,-1.5293963408786562,-2.540141715606204,1.6513014811261502,-0.7412092170222906,0.6617165156159284,-0.18691762612504798,1300
-0.29725606067612276,3.9828204395807476,0.9018545279174529,-4.256271249495786,-1.5293963408786562,-2.540141715606204,1.8162332741487441,-0.7412092170222906,0.6528934013202334,-0.18644495501678016,1300
-0.29725606067612276,3.9828204395807476,0.9018545279174529,-4.256271249495786,-1.5293963408786562,-2.540141715606204,1.6513014811261502,-0.7412092170222906,0.6528934013202334,-0.18644495501678016,1300
-0.3010231650764372,3.9828389180677037,0.9018545279174529,-4.217461240700045,-1.5293963408786562,-2.540141715606204,1.6664690747747988,-0.7412092170222906,0.6556110374454107,-0.18668129057091407,1300
-0.3010231650764372,3.9828389180677037,0.9018545279174529,-4.217461240700045,-1.5510697594850906,-2.540141715606204,1.6513014811261502,-0.7412092170222906,0.6556110374454107,-0.18668129057091407,1300
-0.6017816062692439,3.981818782181084,0.9437730809454303,-4.2264910108129214,-1.703327993041411,-2.5634577816170845,1.6765114761368975,-0.7379240356080685,0.6405703443243533,-0.15896551610532206,1400
-0.5805930663035919,3.9820095113894123,0.9433572339423226,-4.2264910108129214,-1.692855668668476,-2.5634577816170845,1.6765114761368975,-0.737571543977555,0.640543598944309,-0.18244443707727137,1400
-0.594627992034821,3.9818210876139277,0.9436344652777278,-4.2264910108129214,-1.6998372182504324,-2.5634577816170845,1.6765114761368975,-0.7378065383978973,0.6405974318014571,-0.16554581361331958,1400
-0.587474377800398,3.9818233930467715,0.9434958496100252,-4.2264910108129214,-1.6963464434594542,-2.5634577816170845,1.6765114761368975,-0.7376890411877262,0.6405525140709905,-0.1721261111213171,1400
-0.587474377800398,3.9818233930467715,0.9434958496100252,-4.2264910108129214,-1.6963464434594542,-2.5634577816170845,1.6765114761368975,-0.7376890411877262,0.6405525140709905,-0.1721261111213171,1400
-0.5805930663035919,3.9820095113894123,0.9433572339423226,-4.2264910108129214,-1.692855668668476,-2.5634577816170845,1.6765114761368975,-0.6658063951637093,0.640543598944309,-0.18244443707727137,1400
-0.591187336286418,3.981914146785248,0.9435651574438765,-4.2264910108129214,-1.6980918308549433,-2.5634577816170845,1.6765114761368975,-0.7377477897928117,0.6393282609807296,-0.17070497659129671,1400
-0.591187336286418,3.9825643759053513,0.9435651574438765,-4.2264910108129214,-1.6980918308549433,-2.5634577816170845,1.6765114761368975,-0.7377477897928117,0.6405569716343311,-0.17070497659129671,1400
-0.594627992034821,3.9818210876139277,0.9436344652777278,-4.2264910108129214,-1.6998372182504324,-2.5634577816170845,1.6765114761368975,-0.7378065383978973,0.6405614291976719,-0.16554581361331958,1400
-0.594627992034821,3.9818210876139277,0.9436344652777278,-4.2264910108129214,-1.6998372182504324,-2.5634577816170845,1.6765114761368975,-0.6772368728861912,0.6405614291976719,-0.16554581361331958,1400
-0.6081340984092495,3.9636877293711192,0.9037485807595668,-4.2264910108129214,-1.6577754044854947,-2.5536379583041153,1.6765114761368975,-0.6925158407218952,0.6229098176462613,-0.162358003448677,1500
-0.6081340984092495,3.963863363199289,0.9037485807595668,-4.2264910108129214,-1.6577754044854947,-2.5536379583041153,1.6765114761368975,-0.6925158407218952,0.6229098176462613,-0.162358003448677,1500
-0.6081340984092495,3.9640389970274583,0.9037485807595668,-4.2264910108129214,-1.6577754044854947,-2.5536379583041153,1.6765114761368975,-0.6925158407218952,0.6229098176462613,-0.162358003448677,1500
-0.6081340984092495,3.9641268139415433,0.9037485807595668,-4.2264910108129214,-1.6577754044854947,-2.5536379583041153,1.6765114761368975,-0.6925158407218952,0.6229098176462613,-0.162358003448677,1500
-0.6081340984092495,3.9642146308556283,0.9037485807595668,-4.2264910108129214,-1.6577754044854947,-2.5536379583041153,1.6765114761368975,-0.6925158407218952,0.6229098176462613,-0.162358003448677,1500
-0.6081340984092495,3.9635120955429493,0.9037485807595668,-4.2264910108129214,-1.6577754044854947,-2.5536379583041153,1.6765114761368975,-0.6925158407218952,0.6218637083949772,-0.162358003448677,1500
-0.6081340984092495,3.963775546285204,0.9037485807595668,-4.2264910108129214,-1.6577754044854947,-2.5536379583041153,1.6765114761368975,-0.6925158407218952,0.6223867630206192,-0.162358003448677,1500
-0.5767940659748594,3.963775546285204,0.9037485807595668,-4.2264910108129214,-1.6577754044854947,-2.5536379583041153,1.6765114761368975,-0.6925158407218952,0.6223867630206192,-0.162358003448677,1500
-0.6081340984092495,3.9641707223985856,0.9037485807595668,-4.2264910108129214,-1.6577754044854947,-2.5536379583041153,1.6765114761368975,-0.6925158407218952,0.6229098176462613,-0.1603255966146715,1500
-0.6081340984092495,3.9641707223985856,0.9037485807595668,-4.2264910108129214,-1.6577754044854947,-2.5536379583041153,1.543124799180497,-0.6925158407218952,0.6229098176462613,-0.162358003448677,1500
-0.611182928624443,3.9658081297229684,0.8976197982826948,-4.2264910108129214,-1.6434754602461679,-2.5536379583041153,1.6765114761368975,-0.6926113099888895,0.5893417566889503,-0.1680123242218443,1600
-0.611182928624443,3.9654134166156396,0.8979251647084954,-4.2264910108129214,-1.6434754602461679,-2.5536379583041153,1.6765114761368975,-0.6926113099888895,0.5909108421382839,-0.1680123242218443,1600
-0.611182928624443,3.9654134166156396,0.8979251647084954,-4.2264910108129214,-1.6434754602461679,-2.5536379583041153,1.6765114761368975,-0.6926113099888895,0.5909108421382839,-0.1680123242218443,1600
-0.611182928624443,3.9638345641863255,0.9015895618181018,-4.2264910108129214,-1.6434754602461679,-2.5536379583041153,1.6765114761368975,-0.6926113099888895,0.591313099975968,-0.1680123242218443,1600
-0.611182928624443,3.9638345641863255,0.9015895618181018,-4.2264910108129214,-1.6434754602461679,-2.5536379583041153,1.6765114761368975,-0.6926113099888895,0.5912103798667083,-0.1680123242218443,1600
-0.611182928624443,3.9646239904009826,0.8997573632632986,-4.2264910108129214,-1.6434754602461679,-2.5536379583041153,1.6765114761368975,-0.6926113099888895,0.5906438932342727,-0.1680123242218443,1600
-0.611182928624443,3.967800064955345,0.9006734625407002,-4.2264910108129214,-1.6434754602461679,-2.5536379583041153,1.6765114761368975,-0.6926113099888895,0.5909271365504905,-0.1680123242218443,1600
-0.611182928624443,3.9642292772936543,0.9006734625407002,-4.2264910108129214,-1.6434754602461679,-2.5536379583041153,1.6765114761368975,-0.6705692485423542,0.5909271365504905,-0.1680123242218443,1600
-0.611182928624443,3.9646239904009826,0.8997573632632986,-4.2264910108129214,-1.5721805267836906,-2.5536379583041153,1.6765114761368975,-0.6926113099888895,0.5906438932342727,-0.1680123242218443,1600
-0.5591787067633134,3.9646239904009826,0.8997573632632986,-4.2264910108129214,-1.6434754602461679,-2.5536379583041153,1.6765114761368975,-0.6926113099888895,0.5906438932342727,-0.1680123242218443,1600
-0.6152686654373294,3.9672580275105753,0.9066500173475753,-4.2264910108129214,-1.6552809082128142,-2.5536379583041153,1.6752981367292616,-0.6925780519395811,0.5868658366177312,-0.16891461205410854,1700
-0.6153800946231354,3.969740987902807,0.9071117873414367,-4.2264910108129214,-1.6552809090618048,-2.5536379583041153,1.6752981367292616,-0.6922994620903018,0.585438346743669,-0.1689146119475099,1700
-0.6153800946231354,3.969740987902807,0.9071117873414367,-4.2264910108129214,-1.6552809090618048,-2.5536379583041153,1.6752981367292616,-0.6922994620903018,0.585438346743669,-0.1689146119475099,1700
-0.6150458070657173,3.9671687615564584,0.9075768027819598,-4.2264910108129214,-1.6552809065148328,-2.5536379583041153,1.6740847973216257,-0.6929378703511181,0.5868658384502488,-0.1689146122673058,1700
-0.6152408081408779,3.967856451120104,0.9069971562046368,-4.2264910108129214,-1.6552809080005666,-2.5536379583041153,1.6749948018773528,-0.6925983590801454,0.586508964607345,-0.1689146120807582,1700
-0.6152129508444264,3.9684548747296327,0.9073442950616983,-4.2264910108129214,-1.6552809077883188,-2.5536379583041153,1.6746914670254438,-0.6926186662207099,0.5861520925969589,-0.16891461210740785,1700
-0.6152965227337809,3.9739522430989593,0.9072280412015675,-4.2264910108129214,-1.6552809084250617,-2.5536379583041153,1.6749948018773528,-0.6924590641555058,0.585795219670314,-0.1689146120274589,1700
-0.6964182239134221,3.96909793131622,0.9072280412015675,-4.2264910108129214,-1.6552809084250617,-2.5536379583041153,1.6749948018773528,-0.6924590641555058,0.585795219670314,-0.1689146120274589,1700
-0.6153800946231354,3.969740987902807,0.9071117873414367,-4.2264910108129214,-1.6552809090618048,-2.5536379583041153,1.6752981367292616,-0.6764637879945489,0.585438346743669,-0.1689146119475099,1700
-0.6153800946231354,3.969740987902807,0.9071117873414367,-4.2264910108129214,-1.6552809090618048,-2.5378338790031445,1.6752981367292616,-0.6922994620903018,0.585438346743669,-0.1689146119475099,1700
-0.6152547367891037,3.968228126591532,0.9072861681316329,-4.2264910108129214,-1.6552809081066902,-2.5491866280535493,1.6748431344513983,-0.6925388651881079,0.5859736561336364,-0.16891461206743336,1800
-0.6152547367891037,3.968228126591532,0.9072861681316329,-4.2264910108129214,-1.6552809081066902,-2.5491866280535493,1.6748431344513983,-0.6925388651881079,0.5859736561336364,-0.16891461206743336,1800
-0.6152547367891037,3.968228126591532,0.9072861681316329,-4.2264910108129214,-1.6552809081066902,-2.5491866280535493,1.6748431344513983,-0.6925388651881079,0.5859736561336364,-0.16891461206743336,1800
-0.6152547367891037,3.968228126591532,0.9072861681316329,-4.2264910108129214,-1.6552809081066902,-2.5491866280535493,1.6748431344513983,-0.6925388651881079,0.5859736561336364,-0.16891461206743336,1800
-0.6152547367891037,3.968228126591532,0.9072861681316329,-4.2264910108129214,-1.6552809081066902,-2.5491866280535493,1.6748431344513983,-0.6925388651881079,0.5859736561336364,-0.16891461206743336,1800
-0.6152547367891037,3.968228126591532,0.9072861681316329,-4.2264910108129214,-1.6552809081066902,-2.5491866280535493,1.6748431344513983,-0.6925388651881079,0.5859736561336364,-0.16891461206743336,1800
-0.6152547367891037,3.968228126591532,0.9072861681316329,-4.2264910108129214,-1.6552809081066902,-2.5491866280535493,1.6748431344513983,-0.6925388651881079,0.5768794615065902,-0.16891461206743336,1800
-0.6152547367891037,3.968228126591532,0.9072861681316329,-4.2264910108129214,-1.6552809081066902,-2.5491866280535493,1.6748431344513983,-0.6595474786525563,0.5859736561336364,-0.16891461206743336,1800
-0.6152547367891037,3.968228126591532,0.9072861681316329,-4.2264910108129214,-1.6552809081066902,-2.5491866280535493,1.6748431344513983,-0.6925388651881079,0.5859736561336364,-0.16891461206743336,1800
-0.6152547367891037,3.968228126591532,0.9072861681316329,-4.2264910108129214,-1.6552809081066902,-2.5491866280535493,1.6748431344513983,-0.6925388651881079,0.5859736561336364,-0.11673009905912732,1800
-0.6152547367891037,3.968228126591532,0.9064079140950725,-4.2264910108129214,-1.6552809081066902,-2.5491866280535493,1.6748431344513983,-0.6925388651881079,0.5855737556746585,-0.1682662034462613,1900
-0.6152547367891037,3.968228126591532,0.9064073543410657,-4.2264910108129214,-1.6552809081066902,-2.5491866280535493,1.6748431344513983,-0.6925388651881079,0.5855737556746585,-0.1682662034462613,1900
-0.6152547367891037,3.968228126591532,0.9064070744640623,-4.2264910108129214,-1.6552809081066902,-2.5491866280535493,1.6748431344513983,-0.6925388651881079,0.5855737556746585,-0.1682662034462613,1900
-0.6152547367891037,3.968228126591532,0.9064067945870589,-4.2264910108129214,-1.6552809081066902,-2.5491866280535493,1.6748431344513983,-0.6925388651881079,0.5855737556746585,-0.1682662034462613,1900
-0.6152547367891037,3.968228126591532,0.9064062348330522,-4.2264910108129214,-1.6552809081066902,-2.5491866280535493,1.6748431344513983,-0.6925388651881079,0.5855737556746585,-0.1682662034462613,1900
-0.6152547367891037,3.968228126591532,0.9064062348330522,-4.2264910108129214,-1.6552809081066902,-2.5491866280535493,1.6748431344513983,-0.6925388651881079,0.5855737556746585,-0.1682662034462613,1900
-0.6152547367891037,3.968228126591532,0.9140168660163828,-4.2264910108129214,-1.6552809081066902,-2.5491866280535493,1.6748431344513983,-0.6925388651881079,0.5855737556746585,-0.1682662034462613,1900
-0.5182808260407922,3.968228126591532,0.9064066546485572,-4.2264910108129214,-1.6552809081066902,-2.5491866280535493,1.6748431344513983,-0.6925388651881079,0.5855737556746585,-0.1682662034462613,1900
-0.6152547367891037,3.968228126591532,0.9073292083302531,-4.2264910108129214,-1.6552809081066902,-2.5491866280535493,1.6748431344513983,-0.6925388651881079,0.5855737556746585,-0.1682662034462613,1900
-0.6152547367891037,3.968228126591532,0.9064066546485572,-4.5981814743587135,-1.6552809081066902,-2.5491866280535493,1.6748431344513983,-0.6925388651881079,0.5855737556746585,-0.1682662034462613,1900
-0.6152547367891037,3.968228126591532,0.9064064097561793,-4.2264910108129214,-1.6552809081066902,-2.5491866280535493,1.6748431344513983,-0.6925388651881079,0.5857081502004847,-0.1682662034462613,2000
-0.6152547367891037,3.968228126591532,0.9064064097561793,-4.2264910108129214,-1.6552809081066902,-2.5491866280535493,1.6748431344513983,-0.6925388651881079,0.5857081502004847,-0.1682662034462613,2000
-0.6152547367891037,3.968228126591532,0.9064064097561793,-4.2264910108129214,-1.6552809081066902,-2.5491866280535493,1.6748431344513983,-0.6925388651881079,0.5857081502004847,-0.1682662034462613,2000
-0.6152547367891037,3.968228126591532,0.9064064097561793,-4.2264910108129214,-1.6552809081066902,-2.5491866280535493,1.6748431344513983,-0.6925388651881079,0.5857081502004847,-0.1682662034462613,2000
-0.6152547367891037,3.968228126591532,0.9063854873806598,-4.2264910108129214,-1.6552809081066902,-2.5491866280535493,1.6748431344513983,-0.6925388651881079,0.5857081502004847,-0.1682662034462613,2000
-0.6152547367891037,3.968228126591532,0.9063645650051403,-4.2264910108129214,-1.6552809081066902,-2.5491866280535493,1.6748431344513983,-0.6925388651881079,0.5857081502004847,-0.1682662034462613,2000
-0.6152547367891037,3.9669205562930516,0.9063959485684195,-4.2264910108129214,-1.6552809081066902,-2.5491866280535493,1.6748431344513983,-0.6925388651881079,0.5857081502004847,-0.1682662034462613,2000
-0.6152547367891037,3.968228126591532,0.9063959485684195,-4.2264910108129214,-1.6552809081066902,-2.5491866280535493,1.6748431344513983,-0.6925388651881079,0.5857081502004847,-0.17548485489584753,2000
-0.6152547367891037,3.972250976449281,0.9063854873806598,-4.2264910108129214,-1.6552809081066902,-2.5491866280535493,1.6748431344513983,-0.6925388651881079,0.5857081502004847,-0.1682662034462613,2000
-0.6152547367891037,3.968228126591532,0.9063854873806598,-4.2264910108129214,-1.6552809081066902,-2.5491866280535493,1.6748431344513983,-0.6925388651881079,0.587145031771458,-0.1682662034462613,2000
-0.6152547367891037,3.968069516692746,0.9063675225382033,-4.2264910108129214,-1.6552809081066902,-2.5491866280535493,1.6748431344513983,-0.6925388651881079,0.5857081502004847,-0.1682662034462613,2100
-0.6152547367891037,3.968069516692746,0.9063675225382033,-4.2264910108129214,-1.6552809081066902,-2.5491866280535493,1.6748431344513983,-0.6925388651881079,0.5857081502004847,-0.1682662034462613,2100
-0.6152547367891037,3.968069516692746,0.9063675225382033,-4.2264910108129214,-1.6552809081066902,-2.5491866280535493,1.6748431344513983,-0.6925388651881079,0.5857081502004847,-0.1682662034462613,2100
-0.6152547367891037,3.968069516692746,0.9063675225382033,-4.2264910108129214,-1.6552809081066902,-2.5491866280535493,1.6748431344513983,-0.6925388651881079,0.5857081502004847,-0.1682662034462613,2100
-0.6152547367891037,3.968069516692746,0.9063675225382033,-4.2264910108129214,-1.6552809081066902,-2.5491866280535493,1.6748431344513983,-0.6925388651881079,0.5857081502004847,-0.1682662034462613,2100
-0.6152547367891037,3.968069516692746,0.9063675225382033,-4.2264910108129214,-1.6552809081066902,-2.5491866280535493,1.6748431344513983,-0.6925388651881079,0.5857081502004847,-0.1682662034462613,2100
-0.6152547367891037,3.968069516692746,0.9063675225382033,-4.2264910108129214,-1.6552809081066902,-2.5491866280535493,1.6748431344513983,-0.8294384533633498,0.5857081502004847,-0.1682662034462613,2100
-0.6152547367891037,3.968069516692746,0.9063675225382033,-4.261512188668114,-1.6552809081066902,-2.5491866280535493,1.6748431344513983,-0.6925388651881079,0.5857081502004847,-0.1682662034462613,2100
-0.6152547367891037,3.968069516692746,0.9063675225382033,-4.2264910108129214,-1.6552809081066902,-2.5491866280535493,1.6748431344513983,-0.6925388651881079,0.5857081502004847,-0.1682662034462613,2100
-0.6152547367891037,3.968069516692746,0.9063675225382033,-4.2264910108129214,-1.6552809081066902,-2.5491866280535493,1.6748431344513983,-0.6925388651881079,0.5857081502004847,-0.16695725702263672,2100
-0.6152547367891037,3.968069516692746,0.9063675225382033,-4.2264910108129214,-1.6552809081066902,-2.5491866280535493,1.6748431344513983,-0.6925388651881079,0.5857081502004847,-0.1682662034462613,2200
-0.6152547367891037,3.968069516692746,0.9063675225382033,-4.2264910108129214,-1.6552809081066902,-2.5491866280535493,1.6748431344513983,-0.6925388651881079,0.5857081502004847,-0.1682662034462613,2200
-0.6152547367891037,3.968069516692746,0.9063675225382033,-4.2264910108129214,-1.6552809081066902,-2.5491866280535493,1.6748431344513983,-0.6925388651881079,0.5857081502004847,-0.1682662034462613,2200
-0.6152547367891037,3.968069516692746,0.9063675225382033,-4.2264910108129214,-1.6552809081066902,-2.5491866280535493,1.6748431344513983,-0.6925388651881079,0.5857081502004847,-0.1682662034462613,2200
-0.6152547367891037,3.968069516692746,0.9063675225382033,-4.2264910108129214,-1.6552809081066902,-2.5491866280535493,1.6748431344513983,-0.6925388651881079,0.5857081502004847,-0.1682662034462613,2200
-0.6152547367891037,3.968069516692746,0.9063675225382033,-4.2264910108129214,-1.6552809081066902,-2.5491866280535493,1.6748431344513983,-0.6925388651881079,0.5857081502004847,-0.1682662034462613,2200
-0.6152547367891037,3.968069516692746,0.9063675225382033,-4.2264910108129214,-1.6552809081066902,-2.5491866280535493,1.6748431344513983,-0.6925388651881079,0.5982593974853667,-0.1682662034462613,2200
-0.6152547367891037,3.968069516692746,0.9063675225382033,-4.2264910108129214,-1.6552809081066902,-2.5491866280535493,1.6748431344513983,-0.6925388651881079,0.5857081502004847,-0.2093147911533122,2200
-0.6152547367891037,3.968069516692746,0.9063675225382033,-4.2264910108129214,-1.6250523063008657,-2.5491866280535493,1.6748431344513983,-0.6925388651881079,0.5857081502004847,-0.1682662034462613,2200
-0.6152547367891037,3.968069516692746,0.9063675225382033,-5.0,-1.6552809081066902,-2.5491866280535493,1.6748431344513983,-0.6925388651881079,0.5857081502004847,-0.1682662034462613,2200
-0.6152547367891037,3.968069516692746,0.9063675225382033,-4.2264910108129214,-1.6563450230291306,-2.5491866280535493,1.6748431344513983,-0.6925388651881079,0.5857081502004847,-0.1682662034462613,2300
-0.6152547367891037,3.968069516692746,0.9063675225382033,-4.2264910108129214,-1.6563450230291306,-2.5491866280535493,1.6748431344513983,-0.6925388651881079,0.5857081502004847,-0.1682662034462613,2300
-0.6152547367891037,3.968069516692746,0.9063675225382033,-4.2264910108129214,-1.6563450230291306,-2.5491866280535493,1.6748431344513983,-0.6925388651881079,0.5857081502004847,-0.1682662034462613,2300
-0.6152547367891037,3.968069516692746,0.9063675225382033,-4.2264910108129214,-1.6563450230291306,-2.5491866280535493,1.6748431344513983,-0.6925388651881079,0.5857081502004847,-0.1682662034462613,2300
-0.6152547367891037,3.968069516692746,0.9063675225382033,-4.2264910108129214,-1.6563450230291306,-2.5491866280535493,1.6748431344513983,-0.6925388651881079,0.5857081502004847,-0.1682662034462613,2300
-0.6152547367891037,3.968069516692746,0.9063675225382033,-4.2264910108129214,-1.6563450230291306,-2.5491866280535493,1.6748431344513983,-0.6925388651881079,0.5857081502004847,-0.1682662034462613,2300
-0.6152547367891037,3.968069516692746,0.9063675225382033,-3.840594590481725,-1.6563450230291306,-2.5491866280535493,1.6748431344513983,-0.6925388651881079,0.5857081502004847,-0.1682662034462613,2300
-0.6152547367891037,3.968069516692746,0.9063675225382033,-4.2264910108129214,-1.6563450230291306,-2.602800595578037,1.6748431344513983,-0.6925388651881079,0.5857081502004847,-0.1682662034462613,2300
-0.6152547367891037,3.968069516692746,0.9109674420005038,-4.2264910108129214,-1.6563450230291306,-2.5491866280535493,1.6748431344513983,-0.6925388651881079,0.5857081502004847,-0.1682662034462613,2300
-0.6152547367891037,3.9714620540614303,0.9063675225382033,-4.2264910108129214,-1.6563450230291306,-2.5491866280535493,1.6748431344513983,-0.6925388651881079,0.5857081502004847,-0.1682662034462613,2300
-0.6152547367891037,3.968069516692746,0.9063675225382033,-4.2264910108129214,-1.6563450230291306,-2.5491866280535493,1.6748431344513983,-0.6925388651881079,0.5855697946063443,-0.1682662034462613,2400
-0.6152547367891037,3.968069516692746,0.9063675225382033,-4.2264910108129214,-1.6563450230291306,-2.5491866280535493,1.6748431344513983,-0.6925388651881079,0.5855697946063443,-0.1682662034462613,2400
-0.6152547367891037,3.968069516692746,0.9063675225382033,-4.2264910108129214,-1.6563450230291306,-2.5491866280535493,1.6748431344513983,-0.6925388651881079,0.5855697946063443,-0.1682662034462613,2400
-0.6152547367891037,3.968069516692746,0.9063675225382033,-4.2264910108129214,-1.6563450230291306,-2.5491866280535493,1.6748431344513983,-0.6925388651881079,0.5855697946063443,-0.1682662034462613,2400
-0.6152547367891037,3.968069516692746,0.9063675225382033,-4.2264910108129214,-1.6563450230291306,-2.5491866280535493,1.6748431344513983,-0.6925388651881079,0.5855697946063443,-0.1682662034462613,2400
-0.6152547367891037,3.968069516692746,0.9063675225382033,-4.2264910108129214,-1.6563450230291306,-2.5491866280535493,1.6748431344513983,-0.6925388651881079,0.5855697946063443,-0.1682662034462613,2400
-0.6152547367891037,3.968069516692746,0.9063675225382033,-4.2264910108129214,-1.6563450230291306,-2.5491866280535493,1.6748431344513983,-0.6925388651881079,0.5855697946063443,-0.1682662034462613,2400
-0.6152547367891037,3.968069516692746,0.9063675225382033,-4.2264910108129214,-1.6563450230291306,-2.5491866280535493,1.6748431344513983,-0.6925388651881079,0.5855697946063443,-0.1682662034462613,2400
-0.6152547367891037,3.968069516692746,0.9063675225382033,-4.2264910108129214,-1.6563450230291306,-2.5491866280535493,1.6748431344513983,-0.6925388651881079,0.5855697946063443,-0.15999223933260706,2400
-0.6152547367891037,3.962795627998595,0.9063675225382033,-4.2264910108129214,-1.6563450230291306,-2.5491866280535493,1.6748431344513983,-0.6925388651881079,0.5855697946063443,-0.1682662034462613,2400
Score: 9.999975997225047
Runtime: 152ms
