generations , best_fitness , time_elapsed
1 , 0.0,0.296
2 , 5.161090146391465E-25,0.298
3 , 1.1454822953548173E-16,0.299
4 , 1.1657985785170418E-58,0.3
5 , 0.0,0.301
6 , 1.1334979812519504E-16,0.302
7 , 0.0,0.302
8 , 9.613788317302212E-12,0.303
9 , 0.0,0.304
10 , 6.541967984101806E-8,0.305
11 , 0.0,0.305
12 , 2.7679777952515162E-14,0.306
13 , 6.10718079228439E-15,0.307
14 , 5.524965520052179E-27,0.307
15 , 0.0,0.308
16 , 6.957024039001635E-16,0.309
17 , 4.309912043113337E-15,0.31
18 , 1.2574975355945236E-19,0.31
19 , 7.819728213491591E-16,0.311
20 , 7.35468424223501E-10,0.312
21 , 6.597568656354446E-24,0.313
22 , 8.777186559834063E-15,0.313
23 , 5.1052582143515385E-6,0.314
24 , 0.0,0.314
25 , 0.0,0.315
26 , 3.480112332520116E-6,0.315
27 , 0.0,0.316
28 , 1.32786591129128E-13,0.317
29 , 1.3927787615292972E-7,0.317
30 , 3.1291894726957397E-7,0.318
31 , 8.649975889622216E-10,0.318
32 , 1.3740046221542515E-29,0.319
33 , 4.877129402633273E-9,0.319
34 , 1.4603135186860011E-24,0.32
35 , 1.2565911068368817E-23,0.32
36 , 0.0,0.321
37 , 0.0010514093470404427,0.321
38 , 3.4853208279329406E-47,0.322
39 , 3.5223129139210137E-12,0.323
40 , 7.641852665346572E-13,0.323
41 , 4.2882644274429255E-12,0.324
42 , 2.5385189814767268E-8,0.324
43 , 8.029381290651515E-11,0.325
44 , 1.4272176859675882E-17,0.325
45 , 5.082172699582047E-13,0.326
46 , 1.9458140181875443E-9,0.327
47 , 8.858141573095768E-9,0.328
48 , 1.6015658804383209E-6,0.328
49 , 0.005650366449982907,0.329
50 , 1.9528721524969285E-11,0.329
51 , 3.633534848798478E-8,0.33
52 , 1.190317993389472E-7,0.33
53 , 3.219248167713912E-7,0.331
54 , 4.3582974651926174E-5,0.331
55 , 0.0035103847276670742,0.332
56 , 2.02295430437257E-6,0.332
57 , 3.387025423845798E-5,0.333
58 , 2.7648991852561146E-5,0.333
59 , 7.161161874789774E-6,0.334
60 , 1.932602847279098E-6,0.334
61 , 1.0627080173108998E-6,0.335
62 , 0.0031321749181601475,0.335
63 , 1.0355637722828335E-13,0.336
64 , 0.0010441180179135306,0.336
65 , 0.006558632600608658,0.337
66 , 7.077459243630943E-5,0.338
67 , 1.6712163659198813E-6,0.338
68 , 0.002173538378896609,0.339
69 , 2.1261172784133042E-4,0.339
70 , 0.17330370051796049,0.34
71 , 0.17441766295860095,0.34
72 , 0.01218090835407757,0.341
73 , 0.008131438359890183,0.341
74 , 0.016750362073901154,0.342
75 , 0.009971568121469468,0.342
76 , 0.05323053773136495,0.343
77 , 0.010484420453408414,0.343
78 , 0.004936966997296167,0.344
79 , 0.034928017279013415,0.344
80 , 0.01716569896117788,0.345
81 , 0.008429867155202966,0.345
82 , 0.29247542136796933,0.346
83 , 0.003764311155263821,0.346
84 , 0.017943604160455564,0.347
85 , 0.11136795968309661,0.347
86 , 0.0522596813152821,0.348
87 , 0.0464286795250245,0.348
88 , 0.16770588478869658,0.349
89 , 0.9550804459362626,0.35
90 , 0.08861805978085545,0.35
91 , 0.40665427996661396,0.351
92 , 0.10670144039880142,0.351
93 , 0.2802693821725341,0.352
94 , 0.01030977312564612,0.352
95 , 0.01886281964343714,0.353
96 , 0.19367038815876397,0.353
97 , 0.2333455713402382,0.354
98 , 0.0959303916240718,0.354
99 , 0.22781119871401717,0.355
100 , 0.29143037148550055,0.355
101 , 0.1200597874036006,0.356
102 , 0.3091751534657534,0.357
103 , 0.17945531727942235,0.357
104 , 0.6522116770824176,0.358
105 , 0.1732556220784201,0.358
106 , 0.39310252667813655,0.359
107 , 0.2241764307453983,0.359
108 , 0.16953529095951977,0.36
109 , 0.2609345212145052,0.36
110 , 0.6060261066933009,0.36
111 , 0.5993669166919469,0.361
112 , 0.6527814408035457,0.361
113 , 0.7192371444381451,0.362
114 , 0.5769383592596804,0.362
115 , 0.14563787221291644,0.362
116 , 0.2447711163366793,0.363
117 , 0.8193197858093605,0.363
118 , 0.5489803874146616,0.364
119 , 0.87546372096367,0.364
120 , 0.5712211782398211,0.365
121 , 1.370121125163606,0.365
122 , 0.5470344472189882,0.366
123 , 0.3051477794417751,0.366
124 , 1.0316706687970065,0.366
125 , 0.26087974370466527,0.367
126 , 1.284884389882258,0.368
127 , 0.7526444948054609,0.368
128 , 1.1871714413585153,0.368
129 , 0.29314648199095006,0.369
130 , 0.675907620795504,0.369
131 , 0.6579900646382661,0.37
132 , 0.40172204667646155,0.37
133 , 1.1023902428800434,0.371
134 , 0.5270354213058162,0.371
135 , 0.4690418361560662,0.372
136 , 0.44958668241462063,0.372
137 , 0.7354308418296591,0.373
138 , 0.5751049856705506,0.373
139 , 0.5318896417258975,0.374
140 , 1.038580645631707,0.374
141 , 1.177848558031437,0.375
142 , 0.6270185530740996,0.375
143 , 0.5731107583808721,0.376
144 , 0.717129556984592,0.376
145 , 0.4231712691431384,0.376
146 , 0.2556178565673661,0.377
147 , 0.7063793539049844,0.377
148 , 0.5822564798441074,0.378
149 , 0.9186898748465399,0.378
150 , 0.16288634402790272,0.379
151 , 0.3964104271533008,0.379
152 , 0.6856362716184428,0.38
153 , 1.2294246549182928,0.38
154 , 1.199388578962095,0.38
155 , 1.0877592745647633,0.381
156 , 0.3051928232726708,0.381
157 , 1.1915307444164958,0.382
158 , 0.5784301489184753,0.382
159 , 0.4829581051123514,0.383
160 , 1.122014935329102,0.383
161 , 1.1409006504243016,0.384
162 , 1.0066609515532245,0.384
163 , 0.3902730663897984,0.385
164 , 0.7588682310024037,0.385
165 , 0.6773860312057065,0.385
166 , 0.3656380057405631,0.386
167 , 0.861349331933726,0.386
168 , 0.26377458506179474,0.387
169 , 0.8899139906150599,0.387
170 , 0.31082011046706803,0.388
171 , 1.3267387076533694,0.388
172 , 0.6564636613365096,0.388
173 , 0.5974062959181412,0.389
174 , 0.5395883355016204,0.389
175 , 1.051187787498473,0.39
176 , 0.7338284770633499,0.39
177 , 1.050410568223866,0.39
178 , 0.6716082435728739,0.391
179 , 0.4442412400535176,0.391
180 , 0.7585267225401516,0.392
181 , 1.5760599275966705,0.392
182 , 0.9366413830352662,0.392
183 , 0.5569394125770523,0.393
184 , 1.0350079806731256,0.393
185 , 0.9490110623027169,0.394
186 , 1.33792567690583,0.394
187 , 1.1615641601228346,0.394
188 , 0.9744778220251582,0.395
189 , 0.816402765233287,0.395
190 , 2.601464422305156,0.396
191 , 0.728151312698967,0.396
192 , 0.882753778783199,0.396
193 , 3.47916401322166,0.397
194 , 0.9745903165871316,0.397
195 , 0.8776885214371943,0.398
196 , 1.2199823613340195,0.398
197 , 0.8332830576172069,0.4
198 , 1.6940919833495243,0.4
199 , 1.022314053558462,0.4
200 , 0.7472473361499701,0.401
201 , 1.1374661532552601,0.401
202 , 1.191072933149347,0.401
203 , 1.193825269345215,0.402
204 , 1.3129265361056575,0.402
205 , 1.91749841766479,0.403
206 , 2.3126963795927553,0.403
207 , 0.7041563277695846,0.403
208 , 1.4166947199349873,0.404
209 , 1.1556843376848023,0.404
210 , 1.7459721777868118,0.404
211 , 1.7341883972327885,0.405
212 , 0.9582993216077412,0.405
213 , 0.8472966433275829,0.406
214 , 1.5606124385789935,0.406
215 , 1.5945530475757475,0.406
216 , 2.3958531544340795,0.407
217 , 1.24950532618772,0.407
218 , 1.7023028243890959,0.407
219 , 3.9248085269647524,0.408
220 , 0.7731868544124028,0.408
221 , 0.9872079756661521,0.408
222 , 1.8537600285197469,0.409
223 , 2.7629202704185523,0.409
224 , 3.5678535736688715,0.409
225 , 1.7620870490294034,0.41
226 , 2.5932757653749934,0.41
227 , 2.637964883212571,0.411
228 , 2.6119481232754076,0.411
229 , 1.2035176978790911,0.411
230 , 3.4297076304637746,0.412
231 , 2.755851996081422,0.412
232 , 2.251056355553334,0.412
233 , 3.61413920839602,0.413
234 , 1.542164368863024,0.413
235 , 1.7390340101041875,0.413
236 , 1.8172827978620123,0.414
237 , 1.9483046101059043,0.414
238 , 2.508022651568675,0.414
239 , 1.9031985062870493,0.415
240 , 3.1362220450696423,0.415
241 , 3.863276051288776,0.416
242 , 4.127362522556402,0.416
243 , 3.576464001674377,0.416
244 , 2.67276341223271,0.417
245 , 3.0439018890904763,0.417
246 , 1.9631220191827072,0.417
247 , 3.1773587947797726,0.418
248 , 2.424480087035226,0.418
249 , 3.2661270854251097,0.418
250 , 2.426754111850534,0.419
251 , 4.539941546228727,0.419
252 , 3.154606364853436,0.419
253 , 3.886439053128148,0.42
254 , 2.498216171434373,0.42
255 , 5.0549118085103695,0.421
256 , 4.375500806343795,0.421
257 , 2.1590417528201034,0.422
258 , 2.0832901485957893,0.422
259 , 3.9014719098627406,0.422
260 , 3.3208741622195532,0.423
261 , 3.9975334503646183,0.423
262 , 4.3188495701861385,0.423
263 , 3.0221789640341035,0.424
264 , 4.355624254671381,0.424
265 , 5.3319838283308325,0.424
266 , 4.1194082766931945,0.425
267 , 3.2846509022675403,0.425
268 , 3.5726470718655774,0.425
269 , 4.170109234460112,0.426
270 , 3.7269513587040057,0.426
271 , 2.6815137263701674,0.426
272 , 4.152639529669227,0.427
273 , 3.0502107239690393,0.427
274 , 4.38625427356458,0.428
275 , 3.134324944415364,0.428
276 , 4.288804906058256,0.428
277 , 3.3393213418498267,0.429
278 , 4.292029036806158,0.429
279 , 3.5220903932441576,0.429
280 , 2.9922478664648757,0.43
281 , 4.294842123746228,0.43
282 , 4.000977290905429,0.43
283 , 3.760399960860439,0.431
284 , 5.071025843209535,0.431
285 , 2.314545158960754,0.431
286 , 3.6475394193870474,0.432
287 , 4.945495769327873,0.432
288 , 4.19366065387006,0.432
289 , 4.8394070894384145,0.433
290 , 4.975818489321804,0.435
291 , 3.4524675506598674,0.435
292 , 4.262778869909646,0.435
293 , 5.569559958261509,0.436
294 , 4.961429502350856,0.436
295 , 3.522416878562911,0.436
296 , 4.377816773327444,0.436
297 , 5.748354193212174,0.437
298 , 6.351687738221681,0.437
299 , 4.0560340440782365,0.438
300 , 3.6759222247078576,0.438
301 , 4.206635807689217,0.438
302 , 3.420100032768541,0.439
303 , 4.480295314485991,0.439
304 , 4.197132664379267,0.439
305 , 4.2757554355214475,0.439
306 , 4.524930830886117,0.44
307 , 4.441761041363728,0.44
308 , 4.020225035097019,0.44
309 , 3.802976952350805,0.441
310 , 4.8118244015261284,0.441
311 , 6.5843634492627325,0.441
312 , 6.042439201818909,0.442
313 , 4.340254732657033,0.442
314 , 4.7816293748093655,0.442
315 , 4.063683776010314,0.443
316 , 5.644172709602369,0.443
317 , 4.212374217703841,0.443
318 , 5.486039027093129,0.443
319 , 6.564706616004407,0.444
320 , 6.180119808885488,0.444
321 , 5.486234911182595,0.444
322 , 4.584285855297435,0.445
323 , 5.471926087326217,0.445
324 , 4.662092590796674,0.446
325 , 4.344358666974907,0.446
326 , 4.198832013450931,0.446
327 , 5.683656131059509,0.447
328 , 4.811671852912896,0.447
329 , 6.222758752107774,0.447
330 , 5.171477915944899,0.448
331 , 4.8103956193609605,0.448
332 , 5.22208176154825,0.448
333 , 5.232496889471131,0.449
334 , 6.132883198592523,0.449
335 , 5.886185469072881,0.449
336 , 6.433617452845656,0.45
337 , 6.624929977599612,0.45
338 , 5.7275028868353175,0.451
339 , 6.065935323114461,0.451
340 , 6.27257000400049,0.451
341 , 4.6039639449444545,0.452
342 , 6.654489381169086,0.452
343 , 6.514191169472273,0.452
344 , 4.860008412753328,0.453
345 , 5.139573326803686,0.453
346 , 6.259317553957729,0.453
347 , 5.963061158414008,0.454
348 , 6.696187120334925,0.454
349 , 4.968655965813925,0.454
350 , 5.307159896798947,0.454
351 , 6.977294725798839,0.455
352 , 7.401471188055675,0.455
353 , 5.778424633419795,0.455
354 , 5.85420692712118,0.456
355 , 6.355886482067959,0.456
356 , 5.899780881263381,0.456
357 , 5.695281831721405,0.457
358 , 7.450952060619739,0.457
359 , 5.795558636862456,0.457
360 , 7.189732715629741,0.458
361 , 5.640150536784106,0.458
362 , 5.593794885575633,0.458
363 , 6.076598646561728,0.459
364 , 7.062493622770808,0.459
365 , 6.96607721238434,0.459
366 , 7.574887857006542,0.459
367 , 7.165153264627878,0.46
368 , 5.373141518740684,0.46
369 , 5.258793196550391,0.46
370 , 6.898387431703325,0.461
371 , 7.090029361958024,0.461
372 , 5.399137400676928,0.461
373 , 5.222998247158463,0.462
374 , 7.336240766570069,0.462
375 , 5.912797116473825,0.462
376 , 5.7460677610138555,0.463
377 , 6.490658552983359,0.463
378 , 6.037995916956578,0.463
379 , 5.729754753593347,0.464
380 , 6.331464064114707,0.464
381 , 6.280457233430595,0.464
382 , 5.946167771433673,0.464
383 , 6.515173058158275,0.465
384 , 5.663404764723929,0.465
385 , 5.879221583917344,0.465
386 , 6.703688214813428,0.466
387 , 6.907136842310032,0.466
388 , 6.114815935828975,0.466
389 , 7.134974505913567,0.467
390 , 6.368763306313074,0.467
391 , 6.6312637375203565,0.467
392 , 7.408158809793955,0.468
393 , 6.649571560528898,0.468
394 , 6.36845398827993,0.468
395 , 6.596435782353697,0.468
396 , 5.759503247110032,0.469
397 , 6.895657284880103,0.469
398 , 6.288930249140282,0.469
399 , 6.43342170695559,0.47
400 , 7.384277835238545,0.47
401 , 6.552804532301227,0.47
402 , 6.446839255436335,0.471
403 , 6.436774030073385,0.471
404 , 6.089755437092084,0.471
405 , 7.20048495860092,0.472
406 , 7.769516408011524,0.472
407 , 6.966428175839978,0.472
408 , 6.934807439673562,0.472
409 , 6.541459522850806,0.473
410 , 5.960541265251887,0.473
411 , 6.828808207395665,0.473
412 , 6.930495716867365,0.474
413 , 6.745960095998865,0.474
414 , 7.238309470591441,0.474
415 , 7.911494724131403,0.475
416 , 6.467085055045563,0.475
417 , 7.133877354602656,0.475
418 , 7.953421338388908,0.476
419 , 7.337339762891492,0.476
420 , 6.805056502255841,0.476
421 , 7.646993673274832,0.477
422 , 7.373764980124241,0.477
423 , 7.900788945628539,0.477
424 , 7.769484853578006,0.477
425 , 7.423349107731062,0.478
426 , 7.887426452212514,0.478
427 , 7.041439657894283,0.478
428 , 8.891713592527676,0.479
429 , 7.902975408201549,0.479
430 , 7.419231611652014,0.479
431 , 7.84387513141568,0.48
432 , 7.776726949564906,0.48
433 , 7.216039466527767,0.48
434 , 7.2111540581526326,0.48
435 , 8.235223495368189,0.481
436 , 7.247855255679805,0.481
437 , 8.066273956391415,0.481
438 , 8.377257236862944,0.482
439 , 8.20591159568197,0.482
440 , 8.092440758802988,0.482
441 , 8.450094179641322,0.482
442 , 7.833345074791177,0.483
443 , 8.06431791762428,0.483
444 , 8.533733518221077,0.483
445 , 7.541645892622046,0.484
446 , 8.636040744704504,0.484
447 , 8.388512310082668,0.484
448 , 8.290139330501756,0.485
449 , 8.171009913170026,0.485
450 , 8.266041885415246,0.485
451 , 8.02402741136379,0.485
452 , 8.036864758358549,0.486
453 , 8.101868419159041,0.486
454 , 8.037795453881042,0.486
455 , 8.316588257237083,0.487
456 , 7.973467740022225,0.487
457 , 8.594170741088883,0.487
458 , 8.451049421652023,0.488
459 , 8.752664727740179,0.488
460 , 8.809688903554951,0.488
461 , 7.986045764348794,0.488
462 , 8.272809780934091,0.489
463 , 8.62511636854337,0.489
464 , 8.521336391255888,0.489
465 , 8.486732101229672,0.49
466 , 8.480460564867528,0.49
467 , 8.289195387948565,0.49
468 , 7.97611166053438,0.491
469 , 8.37385067947649,0.491
470 , 8.857914020432373,0.491
471 , 8.25782071404548,0.492
472 , 8.853558321595123,0.492
473 , 8.90654261639863,0.492
474 , 8.783659612377248,0.493
475 , 8.361450014507342,0.493
476 , 8.768226856928115,0.493
477 , 8.795123567422461,0.493
478 , 8.509184030549102,0.494
479 , 8.795819368105501,0.494
480 , 8.523170795763006,0.494
481 , 8.88252782236777,0.495
482 , 9.157741718223313,0.495
483 , 8.436959280935904,0.495
484 , 8.79121756269192,0.495
485 , 9.253432056622952,0.496
486 , 9.224208595017672,0.496
487 , 8.571930479448286,0.496
488 , 8.904503873903183,0.497
489 , 9.019912613827332,0.497
490 , 8.911095701856175,0.497
491 , 8.818796573609399,0.498
492 , 9.294542363988729,0.498
493 , 9.039995751878852,0.498
494 , 9.140528106703924,0.498
495 , 9.121117016309341,0.499
496 , 9.186906064156497,0.499
497 , 8.977371393732591,0.499
498 , 9.672221745613255,0.5
499 , 9.329024856429696,0.5
500 , 9.318534930923612,0.5
501 , 9.272265751874826,0.501
502 , 9.322572308976092,0.501
503 , 9.03319952734456,0.501
504 , 9.238603197951685,0.502
505 , 9.100080358921232,0.502
506 , 9.239765787714928,0.502
507 , 9.26920284902825,0.502
508 , 9.017985635483823,0.503
509 , 9.366281481600774,0.503
510 , 9.299916230373977,0.503
511 , 9.274248709686168,0.504
512 , 9.309309787801967,0.504
513 , 9.286414240636736,0.504
514 , 9.462817744044322,0.505
515 , 9.122268585484637,0.505
516 , 9.29030029389106,0.505
517 , 9.272799557837834,0.505
518 , 9.520464384700345,0.506
519 , 9.509922393892102,0.506
520 , 9.14393566525203,0.506
521 , 9.263821138565685,0.507
522 , 9.395164593190021,0.507
523 , 9.445449131463464,0.507
524 , 9.359229065319614,0.507
525 , 9.047779548272555,0.508
526 , 9.297881070031432,0.508
527 , 9.423420308284472,0.508
528 , 9.13559250109363,0.509
529 , 9.26204495497907,0.509
530 , 9.353773637980613,0.509
531 , 9.306063298370713,0.509
532 , 9.365377339790221,0.51
533 , 9.18863336642174,0.51
534 , 9.402479742410492,0.51
535 , 9.288731370301393,0.511
536 , 9.282235537090477,0.511
537 , 9.24226030649467,0.511
538 , 9.366413175711678,0.512
539 , 9.351950817953584,0.512
540 , 9.22328532018746,0.512
541 , 9.276971614923863,0.513
542 , 9.339041000131402,0.513
543 , 9.434910755846717,0.513
544 , 9.368053225051476,0.513
545 , 9.436417110217022,0.514
546 , 9.407425442173613,0.514
547 , 9.284456560444905,0.514
548 , 9.258415235107542,0.515
549 , 9.125191147944683,0.515
550 , 9.397203196481229,0.515
551 , 9.373816210673757,0.515
552 , 9.581575978787445,0.516
553 , 9.317197581120828,0.516
554 , 9.14700700810156,0.516
555 , 9.527695604021078,0.517
556 , 9.199606200585814,0.517
557 , 9.51607819069054,0.517
558 , 9.346373261425326,0.517
559 , 9.453386906045528,0.518
560 , 9.466009812509274,0.518
561 , 9.392267014512631,0.518
562 , 9.326280417623572,0.519
563 , 9.463278551476888,0.519
564 , 9.385076486565744,0.519
565 , 9.477352347834465,0.519
566 , 9.611277104658775,0.52
567 , 9.378416416722233,0.52
568 , 9.500174627955962,0.52
569 , 9.237834819682128,0.521
570 , 9.494627703003042,0.521
571 , 9.4866604890022,0.521
572 , 9.377666239771948,0.522
573 , 9.441926798771695,0.522
574 , 9.689708514875868,0.522
575 , 9.1954747119632,0.523
576 , 9.70267612322716,0.523
577 , 9.147263081941567,0.523
578 , 9.413517040994929,0.523
579 , 9.52335760996832,0.524
580 , 9.397031743663302,0.524
581 , 9.525453604312798,0.524
582 , 9.593905193983904,0.525
583 , 9.436374689415242,0.525
584 , 9.58585689016054,0.525
585 , 9.40587623666322,0.525
586 , 9.573146522770312,0.526
587 , 9.424997854683475,0.526
588 , 9.536663963036972,0.526
589 , 9.52528250967332,0.527
590 , 9.371564065823545,0.527
591 , 9.453108148579215,0.527
592 , 9.594435163628676,0.528
593 , 9.507239667287582,0.528
594 , 9.449048921008366,0.528
595 , 9.537788783812353,0.528
596 , 9.60810209032611,0.529
597 , 9.675304374854262,0.529
598 , 9.590775837020534,0.529
599 , 9.482796202075658,0.53
600 , 9.478849234927928,0.53
601 , 9.531421397660965,0.531
602 , 9.608024014484954,0.532
603 , 9.640489433035178,0.533
604 , 9.681062196064488,0.534
605 , 9.623357124841165,0.535
606 , 9.760842941267837,0.536
607 , 9.610930083451517,0.537
608 , 9.652462972676298,0.538
609 , 9.632938726822639,0.539
610 , 9.672773971656843,0.54
611 , 9.581336035963862,0.541
612 , 9.536684501457582,0.542
613 , 9.66517293588623,0.542
614 , 9.679639236178337,0.543
615 , 9.55936326035754,0.544
616 , 9.63948664659837,0.545
617 , 9.620172135363028,0.546
618 , 9.68999107884604,0.547
619 , 9.598773457524342,0.548
620 , 9.645600613414073,0.549
621 , 9.708830067606547,0.55
622 , 9.722871231539594,0.551
623 , 9.771535149348171,0.552
624 , 9.68154926470822,0.553
625 , 9.747198007202275,0.554
626 , 9.696003833594535,0.555
627 , 9.696346550065138,0.555
628 , 9.684371928176049,0.556
629 , 9.672968392321687,0.557
630 , 9.611718210159578,0.558
631 , 9.780803976779387,0.559
632 , 9.805892742524147,0.56
633 , 9.758527431864492,0.561
634 , 9.582668045528091,0.562
635 , 9.725065348289952,0.563
636 , 9.681223932142327,0.564
637 , 9.73912717397503,0.565
638 , 9.767165199182276,0.566
639 , 9.701316804062355,0.567
640 , 9.810456427237387,0.568
641 , 9.761679911783288,0.569
642 , 9.722904751994122,0.57
643 , 9.808695931046042,0.571
644 , 9.74547521436074,0.571
645 , 9.709395887145169,0.572
646 , 9.759629812092495,0.573
647 , 9.82650252331251,0.574
648 , 9.808230488059525,0.575
649 , 9.755247025053563,0.576
650 , 9.710817513246472,0.577
651 , 9.805892742524147,0.578
652 , 9.816492585753165,0.579
653 , 9.78007445390803,0.579
654 , 9.826547391849708,0.58
655 , 9.825324240463873,0.581
656 , 9.82849508129189,0.582
657 , 9.783550697207398,0.583
658 , 9.85164966305368,0.584
659 , 9.818797667491518,0.585
660 , 9.778064768249498,0.586
661 , 9.764214986868275,0.587
662 , 9.812272608823092,0.588
663 , 9.750137867760882,0.589
664 , 9.804481685908776,0.59
665 , 9.779704815094272,0.591
666 , 9.817860969934507,0.592
667 , 9.760751609053996,0.593
668 , 9.821465212713562,0.594
669 , 9.842442643423883,0.595
670 , 9.772966982110947,0.595
671 , 9.833856385422802,0.596
672 , 9.816193443011269,0.597
673 , 9.786291738259916,0.598
674 , 9.80603279048579,0.599
675 , 9.883659112215318,0.6
676 , 9.832857724141205,0.601
677 , 9.798191136805642,0.602
678 , 9.863422882240883,0.603
679 , 9.855164072120598,0.604
680 , 9.827151649610586,0.605
681 , 9.829287389673746,0.606
682 , 9.873886835180693,0.607
683 , 9.870269908202648,0.608
684 , 9.850527076396641,0.609
685 , 9.8062256099082,0.61
686 , 9.906207651699017,0.611
687 , 9.89055871119434,0.612
688 , 9.846755070560526,0.613
689 , 9.822563870881183,0.614
690 , 9.843945980774887,0.615
691 , 9.878190359305158,0.616
692 , 9.899606387872845,0.617
693 , 9.850962560507664,0.618
694 , 9.868229914833474,0.619
695 , 9.858646033982762,0.62
696 , 9.867379433893918,0.621
697 , 9.897501719654116,0.622
698 , 9.89582786907118,0.623
699 , 9.868502224377046,0.624
700 , 9.921793302132048,0.625
701 , 9.837073594995577,0.625
702 , 9.874788140025357,0.626
703 , 9.913806628250308,0.627
704 , 9.899049946156008,0.628
705 , 9.902941427136259,0.629
706 , 9.908608799632791,0.63
707 , 9.939421139220318,0.631
708 , 9.906205235706278,0.632
709 , 9.899666390984361,0.634
710 , 9.888874957218123,0.635
711 , 9.887790449988472,0.636
712 , 9.88925795740264,0.637
713 , 9.887866834830136,0.638
714 , 9.92826725483829,0.639
715 , 9.897003551077864,0.64
716 , 9.90022946311357,0.641
717 , 9.91727215383521,0.641
718 , 9.916582897224934,0.642
719 , 9.909879140779147,0.643
720 , 9.944744236375767,0.645
721 , 9.943155755814413,0.645
722 , 9.952180201414194,0.646
723 , 9.939098589769099,0.647
724 , 9.95169447058912,0.648
725 , 9.935520077875953,0.649
726 , 9.92489537839892,0.65
727 , 9.94420571677482,0.651
728 , 9.94711998216041,0.652
729 , 9.941409307410597,0.653
730 , 9.934804745616493,0.654
731 , 9.91914653386408,0.655
732 , 9.93917154125903,0.656
733 , 9.942238081571356,0.657
734 , 9.943635126096813,0.658
735 , 9.947621775864366,0.659
736 , 9.933149655548828,0.66
737 , 9.952030904133402,0.661
738 , 9.941404390766017,0.663
739 , 9.956811075966241,0.664
740 , 9.947757365330435,0.665
741 , 9.958030106292508,0.666
742 , 9.940574819319524,0.667
743 , 9.961948462472137,0.668
744 , 9.957709568638855,0.669
745 , 9.965258443689184,0.67
746 , 9.953603869537964,0.671
747 , 9.951157002008745,0.673
748 , 9.952301956901307,0.674
749 , 9.951154708887746,0.675
750 , 9.954939392566013,0.676
751 , 9.962382981189318,0.677
752 , 9.951417592927914,0.678
753 , 9.956287765796375,0.679
754 , 9.96829259983029,0.68
755 , 9.943326793942235,0.681
756 , 9.96863047289979,0.682
757 , 9.963214079499537,0.683
758 , 9.967479915544354,0.684
759 , 9.962394430282497,0.685
760 , 9.95574061179777,0.686
761 , 9.959928377495297,0.687
762 , 9.960247888822922,0.688
763 , 9.970300783118462,0.689
764 , 9.975010038041637,0.689
765 , 9.967779576182082,0.69
766 , 9.966907578547321,0.691
767 , 9.971253696208704,0.692
768 , 9.969294378570396,0.693
769 , 9.96925671250436,0.694
770 , 9.9723817606087,0.695
771 , 9.962326993431475,0.696
772 , 9.965581095350908,0.697
773 , 9.976801322234078,0.698
774 , 9.979212083598691,0.699
775 , 9.966807003820099,0.7
776 , 9.962972387781498,0.701
777 , 9.973988019940897,0.702
778 , 9.972363597546169,0.703
779 , 9.973088387504445,0.704
780 , 9.965098884227109,0.704
781 , 9.974902532177195,0.705
782 , 9.971530741903662,0.706
783 , 9.973637281674053,0.707
784 , 9.980086923524459,0.708
785 , 9.97308349487095,0.709
786 , 9.983052066195487,0.71
787 , 9.972070493895215,0.711
788 , 9.980087590375955,0.712
789 , 9.975241146660315,0.713
790 , 9.975636881263073,0.714
791 , 9.979244322623378,0.715
792 , 9.981950383211492,0.716
793 , 9.979053362485965,0.717
794 , 9.98443733554579,0.718
795 , 9.980689630350312,0.719
796 , 9.98578032595345,0.72
797 , 9.979974475974076,0.721
798 , 9.980331407128386,0.722
799 , 9.979881778713994,0.722
800 , 9.974151764245637,0.723
801 , 9.984394780036073,0.724
802 , 9.982524220401064,0.725
803 , 9.979806754736178,0.726
804 , 9.977410789103345,0.727
805 , 9.980399842012622,0.728
806 , 9.98214235461633,0.729
807 , 9.98176004201364,0.73
808 , 9.984042267472377,0.731
809 , 9.978521916934666,0.732
810 , 9.98484539078672,0.733
811 , 9.984042267472377,0.734
812 , 9.987576030763103,0.735
813 , 9.984413665409777,0.736
814 , 9.984803617445477,0.737
815 , 9.986290496218245,0.738
816 , 9.982033304636849,0.739
817 , 9.981553907523574,0.74
818 , 9.985009511704062,0.741
819 , 9.988510660777369,0.741
820 , 9.981669443665135,0.742
821 , 9.988453516028752,0.743
822 , 9.987474915347915,0.744
823 , 9.98743368476287,0.745
824 , 9.988298968196197,0.746
825 , 9.982249800988612,0.747
826 , 9.987398746389308,0.748
827 , 9.984890562738375,0.749
828 , 9.986063121827527,0.749
829 , 9.988476939416628,0.75
830 , 9.98478038370614,0.751
831 , 9.989032563265711,0.752
832 , 9.98694698173907,0.753
833 , 9.99100733771705,0.754
834 , 9.984239757517134,0.755
835 , 9.982407434945618,0.756
836 , 9.988404022524515,0.757
837 , 9.986549298697607,0.758
838 , 9.987471400899155,0.759
839 , 9.990034614631384,0.76
840 , 9.986209251723714,0.761
841 , 9.986821431698386,0.762
842 , 9.98418314879709,0.763
843 , 9.98459159626747,0.764
844 , 9.985922619588038,0.765
845 , 9.988197214427595,0.765
846 , 9.99045250081086,0.767
847 , 9.986284528303553,0.768
848 , 9.984158013371104,0.768
849 , 9.98717952644175,0.769
850 , 9.991914601591112,0.77
851 , 9.987867476921856,0.771
852 , 9.989056973827854,0.772
853 , 9.989880091398655,0.774
854 , 9.988686818083671,0.774
855 , 9.993955084626794,0.775
856 , 9.99176773790702,0.777
857 , 9.986178217109648,0.777
858 , 9.985015887289851,0.778
859 , 9.985428225990855,0.779
860 , 9.986771826781064,0.78
861 , 9.986128717833028,0.781
862 , 9.990397403559898,0.782
863 , 9.988232448877211,0.783
864 , 9.991683292755049,0.784
865 , 9.990176953889886,0.785
866 , 9.992901473908235,0.786
867 , 9.987890622231262,0.787
868 , 9.988417048846594,0.787
869 , 9.990140461143119,0.788
870 , 9.989596286222298,0.789
871 , 9.988969809494817,0.79
872 , 9.989836527695587,0.791
873 , 9.992422989470352,0.792
874 , 9.98812390883648,0.793
875 , 9.98856099911205,0.794
876 , 9.992709407723009,0.795
877 , 9.990862788656333,0.796
878 , 9.992805832121682,0.797
879 , 9.992452295129686,0.798
880 , 9.990025511990364,0.799
881 , 9.988349222855442,0.8
882 , 9.989178540934281,0.8
883 , 9.991852631841846,0.801
884 , 9.989683166609558,0.802
885 , 9.990324417357632,0.803
886 , 9.992250468034353,0.804
887 , 9.993355711570928,0.805
888 , 9.993772186944739,0.806
889 , 9.990105601790104,0.807
890 , 9.991813776265987,0.808
891 , 9.993959716328787,0.809
892 , 9.995658180637749,0.809
893 , 9.996429741600137,0.81
894 , 9.994530162910575,0.811
895 , 9.99328423615747,0.812
896 , 9.995363455285315,0.813
897 , 9.992569689888274,0.814
898 , 9.993180148817391,0.815
899 , 9.993436441847802,0.816
900 , 9.99607675376611,0.817
901 , 9.99442874136365,0.818
902 , 9.996426081123618,0.819
903 , 9.994582328448091,0.82
904 , 9.995346540694491,0.821
905 , 9.994913307279525,0.822
906 , 9.995812013189454,0.823
907 , 9.995139722233537,0.823
908 , 9.995607357759923,0.824
909 , 9.996249013244526,0.825
910 , 9.995104851336365,0.826
911 , 9.996914908591565,0.827
912 , 9.99605451788842,0.828
913 , 9.995431281807406,0.829
914 , 9.995170123893685,0.83
915 , 9.995819070325929,0.831
916 , 9.995628495464736,0.832
917 , 9.996591316808756,0.833
918 , 9.997361898184474,0.834
919 , 9.99703824388716,0.835
920 , 9.995679244333914,0.836
921 , 9.996047919429358,0.837
922 , 9.99704032035807,0.838
923 , 9.996448842480781,0.839
924 , 9.996412598300967,0.84
925 , 9.99704834737574,0.841
926 , 9.996941079506106,0.842
927 , 9.996367810728676,0.843
928 , 9.996556665547764,0.844
929 , 9.996161942769321,0.845
930 , 9.996282741074374,0.845
931 , 9.997620604254774,0.846
932 , 9.996136740308017,0.847
933 , 9.997123705945478,0.848
934 , 9.997445775045946,0.849
935 , 9.996577938071015,0.85
936 , 9.99647618189044,0.851
937 , 9.998098891589377,0.852
938 , 9.996436911719815,0.853
939 , 9.996949537064857,0.854
940 , 9.996307569386023,0.855
941 , 9.99733459106282,0.858
942 , 9.9974030434365,0.859
943 , 9.996993093302983,0.86
944 , 9.997159170884839,0.86
945 , 9.996708994463777,0.862
946 , 9.997580110287945,0.863
947 , 9.996839435916371,0.863
948 , 9.997463108026054,0.865
949 , 9.996839462323699,0.865
950 , 9.996726753443756,0.866
951 , 9.997294803552602,0.867
952 , 9.99653154790946,0.868
953 , 9.997108404545585,0.869
954 , 9.997478770601363,0.87
955 , 9.99794869156045,0.871
956 , 9.997515924114452,0.872
957 , 9.997754602509648,0.873
958 , 9.997657735555212,0.874
959 , 9.996921432452787,0.875
960 , 9.996601505469929,0.876
961 , 9.99719410508803,0.877
962 , 9.996950872496102,0.878
963 , 9.99717607353045,0.879
964 , 9.99756858594954,0.879
965 , 9.997604338596416,0.88
966 , 9.997601344636095,0.881
967 , 9.996990580902732,0.882
968 , 9.997368901593374,0.883
969 , 9.9970421635201,0.884
970 , 9.997166881174618,0.885
971 , 9.997884383482065,0.886
972 , 9.997362110843222,0.887
973 , 9.998252159587876,0.887
974 , 9.997093279948244,0.888
975 , 9.998015274008376,0.889
976 , 9.997273401353588,0.89
977 , 9.998639953202208,0.891
978 , 9.997732009094117,0.892
979 , 9.997249927790506,0.893
980 , 9.996990379622318,0.894
981 , 9.997399118152373,0.895
982 , 9.99792394782463,0.896
983 , 9.997637785539137,0.897
984 , 9.997562659128969,0.898
985 , 9.997352663095946,0.899
986 , 9.998010581734333,0.9
987 , 9.997906218859933,0.901
988 , 9.997206705567356,0.902
989 , 9.998422686026098,0.903
990 , 9.997749692218441,0.904
991 , 9.9979945053967,0.905
992 , 9.998090632079554,0.905
993 , 9.998144796838718,0.906
994 , 9.99748169254359,0.908
995 , 9.997355622335133,0.908
996 , 9.997965505304379,0.909
997 , 9.997822763110388,0.91
998 , 9.997616982452262,0.911
999 , 9.997971953509627,0.912
1000 , 9.997788903569484,0.914
1001 , 9.997092190563926,0.914
1002 , 9.997170192061422,0.916
1003 , 9.997786643498362,0.917
1004 , 9.997843834356798,0.918
1005 , 9.997496002733115,0.919
1006 , 9.998243847886396,0.92
1007 , 9.997380311783727,0.921
1008 , 9.99704922879995,0.922
1009 , 9.997651757615003,0.923
1010 , 9.997955384903237,0.924
1011 , 9.9973918149213,0.925
1012 , 9.998477878840076,0.927
1013 , 9.99713123465585,0.928
1014 , 9.997514959534875,0.929
1015 , 9.998053720062103,0.93
1016 , 9.997395495838138,0.931
1017 , 9.99776894407748,0.932
1018 , 9.998057369516522,0.933
1019 , 9.99841730532649,0.934
1020 , 9.997311065317067,0.935
1021 , 9.997488292809491,0.936
1022 , 9.99806360702292,0.937
1023 , 9.998324184910729,0.937
1024 , 9.997667022495024,0.938
1025 , 9.997829622926877,0.94
1026 , 9.997645124972514,0.941
1027 , 9.998368719943283,0.942
1028 , 9.997818163195484,0.942
1029 , 9.997421887926963,0.943
1030 , 9.997280198013925,0.944
1031 , 9.99729669958189,0.945
1032 , 9.998056609715366,0.946
1033 , 9.99830730286233,0.947
1034 , 9.997948993147208,0.948
1035 , 9.997770157181744,0.949
1036 , 9.997937306162214,0.95
1037 , 9.997879940524665,0.951
1038 , 9.997760825935284,0.952
1039 , 9.998659763141054,0.953
1040 , 9.998701932992015,0.954
1041 , 9.997004114451526,0.955
1042 , 9.998027818123965,0.956
1043 , 9.997708896387474,0.957
1044 , 9.998129136491524,0.958
1045 , 9.997821889522783,0.959
1046 , 9.997988526013208,0.96
1047 , 9.998302842271183,0.961
1048 , 9.997540848709576,0.963
1049 , 9.997603623599776,0.964
1050 , 9.997722292839192,0.965
1051 , 9.998004428273218,0.966
1052 , 9.997896779332722,0.967
1053 , 9.998461961941702,0.968
1054 , 9.998286802562012,0.969
1055 , 9.998085961256109,0.97
1056 , 9.998018491179076,0.971
1057 , 9.997453465799339,0.972
1058 , 9.997700381707977,0.973
1059 , 9.99768681283956,0.974
1060 , 9.998170509865664,0.975
1061 , 9.997730063512504,0.976
1062 , 9.998122067519335,0.977
1063 , 9.998024085849933,0.978
1064 , 9.997431284276306,0.979
1065 , 9.997270694351654,0.98
1066 , 9.998137369079211,0.981
1067 , 9.997696885005002,0.982
1068 , 9.9979563608397,0.983
1069 , 9.998519402129027,0.984
1070 , 9.997883394943191,0.985
1071 , 9.99883109691839,0.986
1072 , 9.997552426756473,0.987
1073 , 9.998082190028697,0.988
1074 , 9.99806673931248,0.989
1075 , 9.998556035174573,0.99
1076 , 9.998072423010289,0.991
1077 , 9.998077779989638,0.992
1078 , 9.99835960820363,0.993
1079 , 9.998232853992869,0.994
1080 , 9.997485747255004,0.995
1081 , 9.998228871519053,0.996
1082 , 9.997794186556728,0.997
1083 , 9.998109195907944,0.998
1084 , 9.998058892405284,0.998
1085 , 9.998007469905023,1.0
1086 , 9.998301120682447,1.001
1087 , 9.99830839660293,1.002
1088 , 9.998032073099104,1.003
1089 , 9.99849038179746,1.004
1090 , 9.998623568152663,1.005
1091 , 9.99815580493205,1.006
1092 , 9.997961983724549,1.007
1093 , 9.998343919276518,1.008
1094 , 9.99863953603423,1.008
1095 , 9.998326649618772,1.01
1096 , 9.99795513299145,1.011
1097 , 9.99892436474376,1.012
1098 , 9.998417991313373,1.013
1099 , 9.998817297961594,1.014
1100 , 9.998136870590809,1.015
1101 , 9.998321583303703,1.016
1102 , 9.997802147599135,1.017
1103 , 9.998721327976419,1.018
1104 , 9.998803306005849,1.019
1105 , 9.998982962001925,1.02
1106 , 9.998836764557883,1.021
1107 , 9.997606096778993,1.022
1108 , 9.998523704737277,1.023
1109 , 9.997722272306316,1.024
1110 , 9.998443200460319,1.024
1111 , 9.998263827903124,1.026
1112 , 9.998511283641665,1.027
1113 , 9.998905334516039,1.028
1114 , 9.998624454081224,1.029
1115 , 9.998412330840189,1.03
1116 , 9.99891361083332,1.031
1117 , 9.998632202388816,1.032
1118 , 9.998446961644383,1.033
1119 , 9.999200569007483,1.034
1120 , 9.998441836201328,1.035
1121 , 9.998605745248994,1.036
1122 , 9.997961086448102,1.037
1123 , 9.99889076083135,1.038
1124 , 9.999232670655338,1.039
1125 , 9.998750258020909,1.04
1126 , 9.999046130764759,1.041
1127 , 9.998960068971346,1.042
1128 , 9.998797880791853,1.043
1129 , 9.998520749158933,1.044
1130 , 9.998694328491641,1.045
1131 , 9.998413788953396,1.046
1132 , 9.99896959709704,1.047
1133 , 9.999241679048968,1.048
1134 , 9.998886577168298,1.049
1135 , 9.998892925986388,1.05
1136 , 9.999055597874788,1.052
1137 , 9.99954127254998,1.053
1138 , 9.999255251288842,1.054
1139 , 9.99905502521901,1.056
1140 , 9.999379859146405,1.057
1141 , 9.999264956897303,1.058
1142 , 9.999258964264545,1.059
1143 , 9.999165140752499,1.061
1144 , 9.999439611225341,1.062
1145 , 9.999567480288189,1.063
1146 , 9.999426772590345,1.065
1147 , 9.999351187868553,1.066
1148 , 9.999486661434648,1.067
1149 , 9.999477742209654,1.069
1150 , 9.999518476642674,1.071
1151 , 9.99941385006064,1.072
1152 , 9.99950493848863,1.073
1153 , 9.999521086104668,1.075
1154 , 9.999402503286026,1.077
1155 , 9.99965910237693,1.079
1156 , 9.999618961116996,1.081
1157 , 9.99961513715696,1.083
1158 , 9.999519965520287,1.085
1159 , 9.999631079694849,1.087
1160 , 9.999493063071197,1.089
1161 , 9.999645028558925,1.09
1162 , 9.999600837416489,1.092
1163 , 9.999620414752568,1.093
1164 , 9.99970740996986,1.095
1165 , 9.999659374292552,1.097
1166 , 9.99959949651347,1.099
1167 , 9.999630857225348,1.101
1168 , 9.999657572959013,1.102
1169 , 9.999660654299712,1.104
1170 , 9.999592381594645,1.106
1171 , 9.999596897293658,1.107
1172 , 9.99965041038828,1.109
1173 , 9.99958260219968,1.11
1174 , 9.999607002034903,1.111
1175 , 9.999659597944552,1.113
1176 , 9.999626125091435,1.114
1177 , 9.999583153521476,1.116
1178 , 9.999694813716268,1.117
1179 , 9.999545534330267,1.118
1180 , 9.999590417250609,1.12
1181 , 9.999605375627889,1.121
1182 , 9.999614331481181,1.122
1183 , 9.99959394991564,1.124
1184 , 9.999609012736151,1.125
1185 , 9.999615790862952,1.126
1186 , 9.99964279955831,1.128
1187 , 9.999631102556444,1.129
1188 , 9.999621477108358,1.131
1189 , 9.999567235310728,1.132
1190 , 9.999749621276301,1.135
1191 , 9.999606312730608,1.137
1192 , 9.99968078242638,1.139
1193 , 9.999568817050651,1.142
1194 , 9.999628138612996,1.144
1195 , 9.999653964734533,1.147
1196 , 9.999592862943713,1.15
1197 , 9.999693696748196,1.152
1198 , 9.999622229150429,1.154
1199 , 9.999594891188224,1.157
1200 , 9.999729959331304,1.159
1201 , 9.999613889689286,1.161
1202 , 9.999593521424398,1.164
1203 , 9.999637979535713,1.166
1204 , 9.999659060218564,1.172
1205 , 9.999634769246924,1.175
1206 , 9.999672172375414,1.181
1207 , 9.999621287777225,1.183
1208 , 9.999721304715083,1.185
1209 , 9.99968678820477,1.187
1210 , 9.999630346655316,1.189
1211 , 9.99955918095321,1.19
1212 , 9.999637453393095,1.191
1213 , 9.999674463073653,1.193
1214 , 9.999669946096887,1.194
1215 , 9.999600892386319,1.196
1216 , 9.999619817572178,1.198
1217 , 9.999595059066538,1.199
1218 , 9.999657372411257,1.201
1219 , 9.999593908548656,1.202
1220 , 9.999647081164674,1.204
1221 , 9.99965758798537,1.206
1222 , 9.999695600504937,1.208
1223 , 9.999620742536482,1.209
1224 , 9.999696511565844,1.21
1225 , 9.999560520660504,1.212
1226 , 9.999680300343122,1.213
1227 , 9.999646682736168,1.214
1228 , 9.999624315537318,1.215
1229 , 9.999607639217484,1.216
1230 , 9.999638759670102,1.218
1231 , 9.999686009871843,1.219
1232 , 9.999621021515129,1.221
1233 , 9.999614374487807,1.222
1234 , 9.999742178716836,1.223
1235 , 9.999662638302523,1.225
1236 , 9.999659959163164,1.226
1237 , 9.999653688247342,1.227
1238 , 9.999605183224343,1.228
1239 , 9.999669664188978,1.23
1240 , 9.999673635646415,1.231
1241 , 9.99961068895579,1.232
1242 , 9.999591653292699,1.233
1243 , 9.999592364029132,1.235
1244 , 9.999610767391646,1.236
1245 , 9.999694219163167,1.238
1246 , 9.999643109876292,1.239
1247 , 9.99965341434756,1.24
1248 , 9.999649835893827,1.241
1249 , 9.999717802876802,1.243
1250 , 9.999651058288135,1.244
1251 , 9.999628578962698,1.246
1252 , 9.999680078041633,1.247
1253 , 9.99971765984131,1.248
1254 , 9.999595725466007,1.249
1255 , 9.999774435236233,1.25
1256 , 9.999594474718526,1.252
1257 , 9.99965877385274,1.253
1258 , 9.999627959353074,1.255
1259 , 9.999575540726951,1.256
1260 , 9.999792682022674,1.257
1261 , 9.999696994353744,1.258
1262 , 9.999667187075108,1.26
1263 , 9.999626606434154,1.261
1264 , 9.999730580178444,1.263
1265 , 9.999721582557202,1.264
1266 , 9.999701845102422,1.265
1267 , 9.999664604470459,1.267
1268 , 9.999679964630035,1.268
1269 , 9.999695521519154,1.269
1270 , 9.999701274461994,1.271
1271 , 9.999741151304427,1.272
1272 , 9.999733961392272,1.273
1273 , 9.999665808455298,1.274
1274 , 9.999732334128627,1.275
1275 , 9.999641285685403,1.277
1276 , 9.99959831732861,1.278
1277 , 9.999674640585651,1.279
1278 , 9.999674877526116,1.281
1279 , 9.99967133743929,1.282
1280 , 9.999675970543006,1.283
1281 , 9.999665405965953,1.284
1282 , 9.999696847690148,1.285
1283 , 9.999688847860625,1.286
1284 , 9.999590513412155,1.288
1285 , 9.999702340784571,1.289
1286 , 9.999693913590182,1.291
1287 , 9.999640649357003,1.292
1288 , 9.999676989879973,1.293
1289 , 9.999622904336697,1.295
1290 , 9.999708482471076,1.296
1291 , 9.999729138940198,1.298
1292 , 9.999719875278611,1.299
1293 , 9.999641591284114,1.3
1294 , 9.999643337836002,1.302
1295 , 9.999697480590859,1.304
1296 , 9.999638811771922,1.305
1297 , 9.999637656123827,1.307
1298 , 9.999692405401882,1.308
1299 , 9.999663183358518,1.31
1300 , 9.999687438989376,1.311
1301 , 9.999690438959295,1.312
1302 , 9.999691247069018,1.313
1303 , 9.999621230230389,1.315
1304 , 9.999681544520136,1.316
1305 , 9.999688346876072,1.318
1306 , 9.999705157655182,1.319
1307 , 9.999678872067589,1.32
1308 , 9.999715940064393,1.321
1309 , 9.999656788897013,1.323
1310 , 9.999632587886774,1.324
1311 , 9.999648665287639,1.325
1312 , 9.999676872071483,1.327
1313 , 9.999668150939158,1.328
1314 , 9.999669170361047,1.33
1315 , 9.999609240579357,1.331
1316 , 9.9996621554064,1.332
1317 , 9.9996184527764,1.334
1318 , 9.999646432732504,1.335
1319 , 9.99969072784515,1.336
1320 , 9.99964907185571,1.337
1321 , 9.99965246874911,1.339
1322 , 9.999675181232154,1.34
1323 , 9.999642981450068,1.341
1324 , 9.999733976080428,1.342
1325 , 9.999594692260631,1.344
1326 , 9.999703303500496,1.345
1327 , 9.999719862221482,1.346
1328 , 9.999714563760152,1.348
1329 , 9.999721536219315,1.349
1330 , 9.999687978338583,1.351
1331 , 9.999712391681422,1.352
1332 , 9.99973242070875,1.353
1333 , 9.999710554240577,1.354
1334 , 9.999727081407839,1.356
1335 , 9.999742518031907,1.357
1336 , 9.999675631215585,1.359
1337 , 9.999805022496874,1.36
1338 , 9.99971557531211,1.362
1339 , 9.999785353728864,1.363
1340 , 9.99961704496684,1.365
1341 , 9.999822489662414,1.366
1342 , 9.999723972768358,1.367
1343 , 9.999759001376031,1.369
1344 , 9.999715423914719,1.37
1345 , 9.999668492396177,1.372
1346 , 9.999774964932135,1.373
1347 , 9.999699004786422,1.375
1348 , 9.99972548806285,1.376
1349 , 9.999677793590791,1.378
1350 , 9.999678557036878,1.379
1351 , 9.999735176921433,1.381
1352 , 9.999668985910226,1.383
1353 , 9.999705066002226,1.384
1354 , 9.999667066724541,1.385
1355 , 9.999692600575312,1.387
1356 , 9.99976725780465,1.389
1357 , 9.9996798232965,1.391
1358 , 9.999688994685586,1.392
1359 , 9.999731855535712,1.394
1360 , 9.99967485296746,1.395
1361 , 9.99969644566518,1.396
1362 , 9.999744196593651,1.398
1363 , 9.999802779675965,1.4
1364 , 9.999667474345387,1.401
1365 , 9.999781343734686,1.403
1366 , 9.99973083212932,1.404
1367 , 9.999731985547939,1.406
1368 , 9.999778418168303,1.408
1369 , 9.999757203617264,1.41
1370 , 9.999735516424884,1.411
1371 , 9.999727775750804,1.413
1372 , 9.999689677910947,1.414
1373 , 9.999696468747679,1.416
1374 , 9.999706502973517,1.418
1375 , 9.999759778989679,1.419
1376 , 9.999781921280103,1.422
1377 , 9.999739470212369,1.424
1378 , 9.999667718345275,1.426
1379 , 9.999703279228337,1.427
1380 , 9.999777949259657,1.428
1381 , 9.999743960994305,1.429
1382 , 9.999793879112303,1.431
1383 , 9.999744991299911,1.432
1384 , 9.999740341857319,1.434
1385 , 9.999731916997769,1.435
1386 , 9.999765024000705,1.436
1387 , 9.999740783742153,1.437
1388 , 9.999738303653483,1.439
1389 , 9.999772414024083,1.44
1390 , 9.999768941019516,1.441
1391 , 9.999761866778634,1.442
1392 , 9.999763382036576,1.443
1393 , 9.999807977111189,1.444
1394 , 9.999750042787323,1.445
1395 , 9.999751348200816,1.447
1396 , 9.999833541048284,1.448
1397 , 9.99978390139683,1.449
1398 , 9.999725520473817,1.45
1399 , 9.999744647799746,1.451
1400 , 9.999795072704226,1.453
1401 , 9.999839280965507,1.454
1402 , 9.999775082988236,1.455
1403 , 9.99975545771375,1.456
1404 , 9.999781090792942,1.458
1405 , 9.999836294167023,1.459
1406 , 9.999794644382584,1.46
1407 , 9.999802143167537,1.461
1408 , 9.999801212460472,1.462
1409 , 9.999857306014434,1.463
1410 , 9.999780495730159,1.465
1411 , 9.999765495694204,1.466
1412 , 9.999788250952143,1.467
1413 , 9.999764248334838,1.468
1414 , 9.999786440818626,1.469
1415 , 9.999880723693048,1.471
1416 , 9.999808876546991,1.472
1417 , 9.99979594671278,1.473
1418 , 9.999745132246584,1.475
1419 , 9.999815935087199,1.476
1420 , 9.999882073348525,1.477
1421 , 9.99979292112409,1.478
1422 , 9.999871367334945,1.479
1423 , 9.999786520753522,1.48
1424 , 9.99977857290514,1.481
1425 , 9.999761798248908,1.483
1426 , 9.999733118402004,1.484
1427 , 9.999797827765121,1.485
1428 , 9.999805183499177,1.486
1429 , 9.999822680106098,1.487
1430 , 9.999837386928752,1.488
1431 , 9.999795805703938,1.49
1432 , 9.99987956566956,1.491
1433 , 9.999818067928752,1.492
1434 , 9.999849900229444,1.494
1435 , 9.999868461023537,1.495
1436 , 9.999806975107537,1.496
1437 , 9.999821349964579,1.497
1438 , 9.999845483254235,1.498
1439 , 9.999904005271713,1.499
1440 , 9.999885158371667,1.5
1441 , 9.999860561631191,1.502
1442 , 9.999863656649694,1.503
1443 , 9.999825709649608,1.504
1444 , 9.999888213599856,1.505
1445 , 9.999860500083171,1.506
1446 , 9.999900275161826,1.507
1447 , 9.99988530701451,1.508
1448 , 9.999914368136515,1.51
1449 , 9.999918931294092,1.511
1450 , 9.99988888855777,1.512
1451 , 9.999890336580483,1.513
1452 , 9.999867015039204,1.514
1453 , 9.99990190431569,1.515
1454 , 9.999850002613899,1.516
1455 , 9.999858555105128,1.517
1456 , 9.999841741783001,1.519
1457 , 9.999910274222234,1.52
1458 , 9.999899775406014,1.521
1459 , 9.999866585774202,1.522
1460 , 9.999883677935701,1.524
1461 , 9.999903902584483,1.525
1462 , 9.999918488802837,1.526
1463 , 9.999902410686829,1.527
1464 , 9.999898233499852,1.528
1465 , 9.9999053901924,1.529
1466 , 9.999930066554153,1.531
1467 , 9.999907918503997,1.532
1468 , 9.999903801380428,1.533
1469 , 9.999926619916508,1.534
1470 , 9.999939992379083,1.535
1471 , 9.99991990899983,1.536
1472 , 9.999927093897035,1.537
1473 , 9.999971531334996,1.538
1474 , 9.999904419561114,1.539
1475 , 9.999912045632,1.541
1476 , 9.999912770711791,1.542
1477 , 9.999973431040294,1.543
1478 , 9.999930213420537,1.544
1479 , 9.999931537371424,1.546
1480 , 9.999955840201112,1.547
1481 , 9.999956957098188,1.548
1482 , 9.999935984849213,1.549
1483 , 9.999966139546771,1.551
1484 , 9.999968659386152,1.552
1485 , 9.999968029669814,1.553
1486 , 9.999977888983171,1.554
1487 , 9.999961299820901,1.555
1488 , 9.999968715358115,1.557
1489 , 9.999960606986992,1.558
1490 , 9.999967806966607,1.559
1491 , 9.999964627416059,1.561
1492 , 9.999974633523621,1.562
1493 , 9.999971110914187,1.564
1494 , 9.999981256553387,1.565
1495 , 9.999971554964885,1.566
1496 , 9.999978251195023,1.567
1497 , 9.999984130153441,1.569
1498 , 9.999975902640422,1.57
1499 , 9.999972881293713,1.571
1500 , 9.999979165004703,1.573
1501 , 9.999983898518636,1.575
1502 , 9.999981229257438,1.577
1503 , 9.99998583772386,1.578
1504 , 9.99998518048937,1.579
1505 , 9.99998298438065,1.58
1506 , 9.999987897935775,1.582
1507 , 9.999985945937906,1.583
1508 , 9.999987792036784,1.584
1509 , 9.999988025845822,1.586
1510 , 9.999987100300542,1.587
1511 , 9.999987616950131,1.588
1512 , 9.99998778003315,1.589
1513 , 9.99998777068826,1.591
1514 , 9.999987535101399,1.592
1515 , 9.999987911172516,1.593
1516 , 9.999989513743317,1.594
1517 , 9.99998961045719,1.595
1518 , 9.999988694648408,1.597
1519 , 9.999990125423711,1.598
1520 , 9.999988563797732,1.599
1521 , 9.999989535854162,1.6
1522 , 9.999988643599053,1.601
1523 , 9.999987580018393,1.603
1524 , 9.999989923953802,1.604
1525 , 9.999989838938522,1.605
1526 , 9.999989702877052,1.607
1527 , 9.999989797614369,1.608
1528 , 9.999991792140495,1.609
1529 , 9.999989176599357,1.61
1530 , 9.999990617132026,1.611
1531 , 9.999990636048413,1.613
1532 , 9.99999011970079,1.614
1533 , 9.999990135200568,1.615
1534 , 9.999990531911774,1.616
1535 , 9.99999153511384,1.617
1536 , 9.999991059121761,1.618
1537 , 9.999991160046859,1.62
1538 , 9.999992215520177,1.621
1539 , 9.999991594512393,1.622
1540 , 9.999990541246067,1.623
1541 , 9.99999045839393,1.624
1542 , 9.999991997622384,1.625
1543 , 9.99999077765073,1.626
1544 , 9.999990871241808,1.627
1545 , 9.999991318623332,1.629
1546 , 9.999991252419196,1.63
1547 , 9.999991786705088,1.631
1548 , 9.999991900760028,1.632
1549 , 9.999991488615494,1.633
1550 , 9.999992518999095,1.634
1551 , 9.999992601250618,1.635
1552 , 9.999991867421523,1.636
1553 , 9.99999159532943,1.637
1554 , 9.999993325365105,1.638
1555 , 9.999992369060939,1.64
1556 , 9.999992772285896,1.641
1557 , 9.999991966660856,1.642
1558 , 9.999992226107882,1.643
1559 , 9.99999293384892,1.644
1560 , 9.999992117448777,1.645
1561 , 9.999992631594182,1.646
1562 , 9.999992340931382,1.647
1563 , 9.99999286183742,1.648
1564 , 9.999993553280554,1.649
1565 , 9.999992430144973,1.65
1566 , 9.999992529197224,1.651
1567 , 9.999994313971118,1.652
1568 , 9.999992977720662,1.653
1569 , 9.999992308200984,1.654
1570 , 9.999992976760165,1.655
1571 , 9.999993859348935,1.656
1572 , 9.999994107262859,1.657
1573 , 9.999993235239192,1.658
1574 , 9.999992951594352,1.659
1575 , 9.999993040373358,1.66
1576 , 9.999994786922601,1.662
1577 , 9.999993634072569,1.663
1578 , 9.999994116250067,1.664
1579 , 9.999994561835532,1.665
1580 , 9.999993377921486,1.666
1581 , 9.999994354984747,1.667
1582 , 9.99999463412124,1.668
1583 , 9.999993760826438,1.669
1584 , 9.999993913637196,1.67
1585 , 9.999993444395871,1.672
1586 , 9.999993430773952,1.673
1587 , 9.99999335541457,1.674
1588 , 9.999994143447456,1.675
1589 , 9.999994495061097,1.676
1590 , 9.999993678144625,1.678
1591 , 9.99999370314628,1.679
1592 , 9.999994288515854,1.68
1593 , 9.999993728792393,1.682
1594 , 9.999994336846665,1.683
1595 , 9.999995019088072,1.684
1596 , 9.999994542783007,1.685
1597 , 9.999993830038115,1.686
1598 , 9.999993839480364,1.687
1599 , 9.999993664002297,1.688
1600 , 9.999994541472844,1.69
1601 , 9.999994537741584,1.691
1602 , 9.999994579452263,1.692
1603 , 9.999994382836006,1.693
1604 , 9.99999522641803,1.694
1605 , 9.999995064157721,1.696
1606 , 9.999995350217434,1.697
1607 , 9.999995838962754,1.698
1608 , 9.999995859096014,1.699
1609 , 9.999995236364844,1.7
1610 , 9.999995158702356,1.701
1611 , 9.999995332054887,1.702
1612 , 9.999995340649201,1.703
1613 , 9.9999946832371,1.704
1614 , 9.999995167487075,1.706
1615 , 9.999995163568428,1.707
1616 , 9.999996167161823,1.708
1617 , 9.999995493763741,1.709
1618 , 9.999995683596616,1.71
1619 , 9.999996591487232,1.712
1620 , 9.999996069756286,1.713
1621 , 9.999996360872407,1.714
1622 , 9.999996154521394,1.715
1623 , 9.999995415459663,1.716
1624 , 9.999996543654833,1.718
1625 , 9.999996533826815,1.719
1626 , 9.999996489352196,1.72
1627 , 9.999996330281277,1.721
1628 , 9.999996938961202,1.722
1629 , 9.999996900461365,1.723
1630 , 9.999997031750503,1.724
1631 , 9.999996699220105,1.725
1632 , 9.999997722501234,1.727
1633 , 9.99999649130325,1.728
1634 , 9.999996828414229,1.729
1635 , 9.999997232649932,1.73
1636 , 9.999997252720057,1.731
1637 , 9.999997155656448,1.732
1638 , 9.99999709434048,1.733
1639 , 9.999997165323029,1.735
1640 , 9.999996838837383,1.736
1641 , 9.999997658782682,1.737
1642 , 9.999996824755069,1.738
1643 , 9.999996860833752,1.739
1644 , 9.9999973294338,1.74
1645 , 9.9999969311087,1.741
1646 , 9.99999706996015,1.742
1647 , 9.999997672854352,1.743
1648 , 9.999997069608703,1.744
1649 , 9.999998010365347,1.746
1650 , 9.99999712782093,1.747
1651 , 9.99999695626576,1.748
1652 , 9.999997739263002,1.749
1653 , 9.999997121904034,1.751
1654 , 9.99999827035656,1.752
1655 , 9.99999748292829,1.753
1656 , 9.999998119835462,1.754
1657 , 9.999997783669485,1.755
1658 , 9.999997974339795,1.756
1659 , 9.999997973379445,1.757
1660 , 9.999997986468928,1.758
1661 , 9.999998087267176,1.759
1662 , 9.999997588652427,1.76
1663 , 9.99999824240105,1.761
1664 , 9.999998586730234,1.763
1665 , 9.999998658018235,1.764
1666 , 9.999998171043874,1.765
1667 , 9.999998258653797,1.766
1668 , 9.999998237900982,1.767
1669 , 9.99999802966979,1.768
1670 , 9.9999984691767,1.769
1671 , 9.999998510292855,1.771
1672 , 9.999998690483471,1.772
1673 , 9.999998796191477,1.773
1674 , 9.99999843161136,1.774
1675 , 9.9999987657335,1.775
1676 , 9.999998773217174,1.776
1677 , 9.999998835361726,1.777
1678 , 9.999998905427416,1.778
1679 , 9.999998722684861,1.779
1680 , 9.999998938962145,1.78
1681 , 9.999998815577282,1.781
1682 , 9.999998814326297,1.782
1683 , 9.999998973986893,1.783
1684 , 9.999999171067742,1.784
1685 , 9.999999182981758,1.785
1686 , 9.999999275053582,1.786
1687 , 9.999999088201024,1.787
1688 , 9.999999420745961,1.788
1689 , 9.999999302549593,1.789
1690 , 9.999999226154598,1.79
1691 , 9.999999190329055,1.791
1692 , 9.999999128839507,1.792
1693 , 9.99999916378844,1.793
1694 , 9.99999940831307,1.794
1695 , 9.999999364891092,1.795
1696 , 9.999999390316509,1.796
1697 , 9.999999333718982,1.797
1698 , 9.999999227597028,1.798
1699 , 9.999999448169527,1.8
1700 , 9.999999432534395,1.801
1701 , 9.999999341153927,1.802
1702 , 9.999999527209459,1.803
1703 , 9.999999680940988,1.804
1704 , 9.999999559541934,1.805
1705 , 9.999999645538445,1.806
1706 , 9.999999642615254,1.808
1707 , 9.99999969172584,1.809
1708 , 9.999999725985898,1.81
1709 , 9.999999682029744,1.811
1710 , 9.999999652144469,1.812
1711 , 9.999999542917632,1.814
1712 , 9.999999578254311,1.815
1713 , 9.999999771938665,1.816
1714 , 9.999999708328303,1.817
1715 , 9.999999608993615,1.818
1716 , 9.99999963779256,1.819
1717 , 9.999999886803305,1.821
1718 , 9.999999677139453,1.822
1719 , 9.999999796269286,1.823
1720 , 9.999999673626624,1.824
1721 , 9.99999976681771,1.826
1722 , 9.999999812489154,1.827
1723 , 9.999999668882369,1.828
1724 , 9.999999823240085,1.829
1725 , 9.999999870531541,1.83
1726 , 9.99999985163123,1.832
1727 , 9.999999941275568,1.833
1728 , 9.999999679731946,1.835
1729 , 9.999999835698482,1.837
1730 , 9.999999813591428,1.84
1731 , 9.999999950242131,1.842
1732 , 9.999999832945296,1.844
1733 , 9.999999848717648,1.845
1734 , 9.999999906972972,1.847
1735 , 9.999999853848507,1.848
1736 , 9.999999948103097,1.849
1737 , 9.99999994084682,1.851
1738 , 9.999999875137187,1.852
1739 , 9.999999871271969,1.853
1740 , 9.999999951771422,1.855
1741 , 9.999999912901508,1.857
1742 , 9.999999925976581,1.858
1743 , 9.999999927425995,1.86
1744 , 9.999999961402844,1.861
1745 , 9.99999996519086,1.862
1746 , 9.999999947089265,1.864
1747 , 9.99999998400025,1.865
1748 , 9.999999981689776,1.867
1749 , 9.999999954575662,1.869
1750 , 10.0,1.871
1751 , 9.99999999603693,1.873
1752 , 10.0,1.874
1753 , 10.0,1.876
1754 , 10.0,1.878
1755 , 10.0,1.879
1756 , 10.0,1.88
1757 , 10.0,1.882
1758 , 10.0,1.883
1759 , 10.0,1.884
1760 , 10.0,1.886
1761 , 10.0,1.887
1762 , 10.0,1.888
1763 , 10.0,1.889
1764 , 10.0,1.89
1765 , 10.0,1.892
1766 , 10.0,1.892
1767 , 10.0,1.893
1768 , 10.0,1.894
1769 , 10.0,1.895
1770 , 10.0,1.896
1771 , 10.0,1.897
1772 , 10.0,1.898
1773 , 10.0,1.899
1774 , 10.0,1.899
1775 , 10.0,1.9
1776 , 10.0,1.901
1777 , 10.0,1.902
1778 , 10.0,1.903
1779 , 10.0,1.903
1780 , 10.0,1.904
1781 , 10.0,1.905
1782 , 10.0,1.906
1783 , 10.0,1.906
1784 , 10.0,1.907
1785 , 10.0,1.908
1786 , 10.0,1.909
1787 , 10.0,1.91
1788 , 10.0,1.91
1789 , 10.0,1.911
1790 , 10.0,1.912
1791 , 10.0,1.913
1792 , 10.0,1.913
1793 , 10.0,1.914
1794 , 10.0,1.915
1795 , 10.0,1.916
1796 , 10.0,1.917
1797 , 10.0,1.917
1798 , 10.0,1.918
1799 , 10.0,1.919
1800 , 10.0,1.92
1801 , 10.0,1.92
1802 , 10.0,1.921
1803 , 10.0,1.922
1804 , 10.0,1.923
1805 , 10.0,1.923
1806 , 10.0,1.924
1807 , 10.0,1.925
1808 , 10.0,1.926
1809 , 10.0,1.926
1810 , 10.0,1.927
1811 , 10.0,1.928
1812 , 10.0,1.929
1813 , 10.0,1.929
1814 , 10.0,1.93
1815 , 10.0,1.931
1816 , 10.0,1.932
1817 , 10.0,1.932
1818 , 10.0,1.933
1819 , 10.0,1.934
1820 , 10.0,1.935
1821 , 10.0,1.935
1822 , 10.0,1.936
1823 , 10.0,1.937
1824 , 10.0,1.938
1825 , 10.0,1.938
1826 , 10.0,1.939
1827 , 10.0,1.94
1828 , 10.0,1.941
1829 , 10.0,1.941
1830 , 10.0,1.942
1831 , 10.0,1.943
1832 , 10.0,1.944
1833 , 10.0,1.945
1834 , 10.0,1.945
1835 , 10.0,1.946
1836 , 10.0,1.947
1837 , 10.0,1.947
1838 , 10.0,1.948
1839 , 10.0,1.949
1840 , 10.0,1.95
1841 , 10.0,1.95
1842 , 10.0,1.951
1843 , 10.0,1.952
1844 , 10.0,1.952
1845 , 10.0,1.953
1846 , 10.0,1.954
1847 , 10.0,1.954
1848 , 10.0,1.955
1849 , 10.0,1.956
1850 , 10.0,1.956
1851 , 10.0,1.957
1852 , 10.0,1.958
1853 , 10.0,1.958
1854 , 10.0,1.959
1855 , 10.0,1.96
1856 , 10.0,1.961
1857 , 10.0,1.961
1858 , 10.0,1.962
1859 , 10.0,1.964
1860 , 10.0,1.965
1861 , 10.0,1.965
1862 , 10.0,1.966
1863 , 10.0,1.967
1864 , 10.0,1.967
1865 , 10.0,1.968
1866 , 10.0,1.969
1867 , 10.0,1.969
1868 , 10.0,1.97
1869 , 10.0,1.971
1870 , 10.0,1.971
1871 , 10.0,1.972
1872 , 10.0,1.973
1873 , 10.0,1.973
1874 , 10.0,1.974
1875 , 10.0,1.975
1876 , 10.0,1.975
1877 , 10.0,1.976
1878 , 10.0,1.977
1879 , 10.0,1.977
1880 , 10.0,1.978
1881 , 10.0,1.979
1882 , 10.0,1.979
1883 , 10.0,1.98
1884 , 10.0,1.981
1885 , 10.0,1.981
1886 , 10.0,1.982
1887 , 10.0,1.983
1888 , 10.0,1.983
1889 , 10.0,1.984
1890 , 10.0,1.985
1891 , 10.0,1.985
1892 , 10.0,1.986
1893 , 10.0,1.987
1894 , 10.0,1.987
1895 , 10.0,1.988
1896 , 10.0,1.989
1897 , 10.0,1.989
1898 , 10.0,1.99
1899 , 10.0,1.99
1900 , 10.0,1.991
1901 , 10.0,1.992
1902 , 10.0,1.992
1903 , 10.0,1.993
1904 , 10.0,1.994
1905 , 10.0,1.994
1906 , 10.0,1.995
1907 , 10.0,1.996
1908 , 10.0,1.996
1909 , 10.0,1.997
1910 , 10.0,1.998
1911 , 10.0,1.998
1912 , 10.0,1.999
1913 , 10.0,1.999
1914 , 10.0,2.0
1915 , 10.0,2.001
1916 , 10.0,2.001
1917 , 10.0,2.002
1918 , 10.0,2.003
1919 , 10.0,2.003
1920 , 10.0,2.004
1921 , 10.0,2.005
Score: 10.0
Runtime: 2005ms
